,EST. BASE SALARY,EST. BASE SALARY,EST. BASE SALARY,BIO,BIO,BIO,,data_country,data_season
PLAYER,"GROSS P/W
(EUR)","GROSS P/Y
(EUR)","ADJ. GROSS
(EUR)",POS.,AGE,COUNTRY,CLUB,,
Gareth Bale,"€ 695,083","€ 36,144,307","€ 41,657,846",F,31,Wales,Tottenham,england,2021
Kevin De Bruyne,"€ 463,389","€ 24,096,205","€ 27,771,897",F,29,Belgium,Manchester City,england,2021
David de Gea,"€ 434,427","€ 22,590,192","€ 26,036,154",K,29,Spain,Manchester United,england,2021
Mesut Özil,"€ 405,465","€ 21,084,179","€ 24,300,410",F,32,Germany,Arsenal,england,2021
Raheem Sterling,"€ 347,541","€ 18,072,154","€ 20,828,923",F,25,England,Manchester City,england,2021
N'Golo Kanté,"€ 335,957","€ 17,469,749","€ 20,134,625",M,29,France,Chelsea,england,2021
Paul Pogba,"€ 335,957","€ 17,469,749","€ 20,134,625",M,27,France,Manchester United,england,2021
Timo Werner,"€ 312,787","€ 16,264,938","€ 18,746,031",F,24,Germany,Chelsea,england,2021
Pierre-Emerick Aubameyang,"€ 289,618","€ 15,060,128","€ 17,357,436",F,31,Gabon,Arsenal,england,2021
Kai Havertz,"€ 289,618","€ 15,060,128","€ 17,357,436",F,21,Germany,Chelsea,england,2021
Anthony Martial,"€ 289,618","€ 15,060,128","€ 17,357,436",F,24,France,Manchester United,england,2021
Edinson Cavani,"€ 289,618","€ 15,060,128","€ 17,357,436",F,33,Uruguay,Manchester United,england,2021
Sergio Agüero,"€ 266,671","€ 13,866,903","€ 15,982,193",F,32,Argentina,Manchester City,england,2021
Tanguy Ndombélé,"€ 231,694","€ 12,048,102","€ 13,885,949",M,23,France,Tottenham,england,2021
Mohamed Salah,"€ 231,694","€ 12,048,102","€ 13,885,949",F,28,Egypt,Liverpool,england,2021
Harry Kane,"€ 231,694","€ 12,048,102","€ 13,885,949",F,27,England,Tottenham,england,2021
Marcus Rashford,"€ 231,694","€ 12,048,102","€ 13,885,949",F,22,England,Manchester United,england,2021
Thomas Partey,"€ 231,694","€ 12,048,102","€ 13,885,949",M,27,Ghana,Arsenal,england,2021
Thiago,"€ 231,694","€ 12,048,102","€ 13,885,949",M,29,Spain,Liverpool,england,2021
Ben Chilwell,"€ 220,110","€ 11,445,697","€ 13,191,651",D,23,England,Chelsea,england,2021
Harry Maguire,"€ 220,110","€ 11,445,697","€ 13,191,651",D,27,England,Manchester United,england,2021
Alexandre Lacazette,"€ 210,975","€ 10,970,724","€ 12,644,224",F,29,France,Arsenal,england,2021
Roberto Firmino,"€ 208,525","€ 10,843,292","€ 12,497,354",F,29,Brazil,Liverpool,england,2021
Bruno Fernandes,"€ 208,525","€ 10,843,292","€ 12,497,354",F,26,Portugal,Manchester United,england,2021
Virgil van Dijk,"€ 208,525","€ 10,843,292","€ 12,497,354",D,29,Netherlands,Liverpool,england,2021
Callum Hudson-Odoi,"€ 208,525","€ 10,843,292","€ 12,497,354",F,19,England,Chelsea,england,2021
Juan Mata,"€ 185,355","€ 9,638,482","€ 11,108,759",F,32,Spain,Manchester United,england,2021
Kyle Walker,"€ 185,355","€ 9,638,482","€ 11,108,759",D,30,England,Manchester City,england,2021
César Azpilicueta,"€ 173,771","€ 9,036,077","€ 10,414,461",D,31,Spain,Chelsea,england,2021
Christian Pulisic,"€ 173,771","€ 9,036,077","€ 10,414,461",F,22,United States,Chelsea,england,2021
Fernandinho,"€ 173,771","€ 9,036,077","€ 10,414,461",M,35,Brazil,Manchester City,england,2021
Bernardo Silva,"€ 173,771","€ 9,036,077","€ 10,414,461",F,26,Portugal,Manchester City,england,2021
Kepa,"€ 173,771","€ 9,036,077","€ 10,414,461",K,26,Spain,Chelsea,england,2021
Luke Shaw,"€ 173,771","€ 9,036,077","€ 10,414,461",D,25,England,Manchester United,england,2021
Ilkay Gündogan,"€ 162,186","€ 8,433,672","€ 9,720,164",M,29,Germany,Manchester City,england,2021
James Milner,"€ 162,186","€ 8,433,672","€ 9,720,164",M,34,England,Liverpool,england,2021
Heung-min Son,"€ 162,186","€ 8,433,672","€ 9,720,164",F,28,South Korea,Tottenham,england,2021
Jamie Vardy,"€ 162,186","€ 8,433,672","€ 9,720,164",F,33,England,Leicester,england,2021
Willian,"€ 160,404","€ 8,340,994","€ 9,613,349",F,32,Brazil,Arsenal,england,2021
Wilfried Zaha,"€ 150,601","€ 7,831,267","€ 9,025,867",F,27,Cote d'Ivoire,Crystal Palace,england,2021
Kasper Schmeichel,"€ 150,601","€ 7,831,267","€ 9,025,867",K,33,Denmark,Leicester,england,2021
Max Meyer,"€ 144,809","€ 7,530,064","€ 8,678,718",F,25,Germany,Crystal Palace,england,2021
Odion Ighalo,"€ 144,809","€ 7,530,064","€ 8,678,718",F,31,Nigeria,Manchester United,england,2021
Rodri,"€ 140,353","€ 7,298,370","€ 8,411,680",M,24,Spain,Manchester City,england,2021
Victor Lindelöf,"€ 139,017","€ 7,228,861","€ 8,331,569",D,26,Sweden,Manchester United,england,2021
Naby Keïta,"€ 139,017","€ 7,228,861","€ 8,331,569",M,25,Guinea,Liverpool,england,2021
Ruben Loftus-Cheek,"€ 139,017","€ 7,228,861","€ 8,331,569",M,24,England,Fulham,england,2021
Aymeric Laporte,"€ 139,017","€ 7,228,861","€ 8,331,569",D,26,France,Manchester City,england,2021
Christian Benteke,"€ 139,017","€ 7,228,861","€ 8,331,569",F,29,Belgium,Crystal Palace,england,2021
Abdoulaye Doucouré,"€ 139,017","€ 7,228,861","€ 8,331,569",M,27,Mali,Everton,england,2021
Nemanja Matic,"€ 139,017","€ 7,228,861","€ 8,331,569",M,32,Serbia,Manchester United,england,2021
Fred,"€ 139,017","€ 7,228,861","€ 8,331,569",M,27,Brazil,Manchester United,england,2021
Donny van de Beek,"€ 139,017","€ 7,228,861","€ 8,331,569",M,23,Netherlands,Manchester United,england,2021
Bernard,"€ 139,017","€ 7,228,861","€ 8,331,569",F,28,Brazil,Everton,england,2021
Dani Ceballos,"€ 139,017","€ 7,228,861","€ 8,331,569",M,24,Spain,Arsenal,england,2021
Ryan Bertrand,"€ 139,017","€ 7,228,861","€ 8,331,569",D,31,England,Southampton,england,2021
Yerry Mina,"€ 139,017","€ 7,228,861","€ 8,331,569",D,26,Colombia,Everton,england,2021
Alex Oxlade-Chamberlain,"€ 139,017","€ 7,228,861","€ 8,331,569",M,27,England,Liverpool,england,2021
Riyad Mahrez,"€ 139,017","€ 7,228,861","€ 8,331,569",F,29,Algeria,Manchester City,england,2021
Andrii Yarmolenko,"€ 133,224","€ 6,927,659","€ 7,984,420",F,30,Ukraine,West Ham,england,2021
André Gomes,"€ 130,105","€ 6,765,473","€ 7,797,494",M,27,Portugal,Everton,england,2021
Jorginho,"€ 127,432","€ 6,626,456","€ 7,637,272",M,28,Italy,Chelsea,england,2021
Olivier Giroud,"€ 127,432","€ 6,626,456","€ 7,637,272",F,34,France,Chelsea,england,2021
Thiago Silva,"€ 127,432","€ 6,626,456","€ 7,637,272",D,36,Brazil,Chelsea,england,2021
James Maddison,"€ 127,432","€ 6,626,456","€ 7,637,272",F,23,England,Leicester,england,2021
Kieran Tierney,"€ 127,432","€ 6,626,456","€ 7,637,272",D,23,Scotland,Arsenal,england,2021
Héctor Bellerín,"€ 127,432","€ 6,626,456","€ 7,637,272",D,25,Spain,Arsenal,england,2021
Jack Grealish,"€ 121,640","€ 6,325,254","€ 7,290,123",F,25,England,Aston Villa,england,2021
David Luiz,"€ 116,961","€ 6,081,975","€ 7,009,734",D,33,Brazil,Arsenal,england,2021
Nicolas Pépé,"€ 115,847","€ 6,024,051","€ 6,942,974",F,25,Cote d'Ivoire,Arsenal,england,2021
Dominic Calvert-Lewin,"€ 115,847","€ 6,024,051","€ 6,942,974",F,23,England,Everton,england,2021
Granit Xhaka,"€ 115,847","€ 6,024,051","€ 6,942,974",M,28,Switzerland,Arsenal,england,2021
Rui Patrício,"€ 115,847","€ 6,024,051","€ 6,942,974",K,32,Portugal,Wolverhampton,england,2021
Sead Kolasinac,"€ 115,847","€ 6,024,051","€ 6,942,974",D,27,Bosnia-Herzegovina,Arsenal,england,2021
Dean Henderson,"€ 115,847","€ 6,024,051","€ 6,942,974",K,23,England,Manchester United,england,2021
Raúl Jiménez,"€ 115,847","€ 6,024,051","€ 6,942,974",F,29,Mexico,Wolverhampton,england,2021
Bernd Leno,"€ 115,847","€ 6,024,051","€ 6,942,974",K,28,Germany,Arsenal,england,2021
Dele Alli,"€ 115,847","€ 6,024,051","€ 6,942,974",F,24,England,Tottenham,england,2021
John Stones,"€ 115,847","€ 6,024,051","€ 6,942,974",D,26,England,Manchester City,england,2021
João Moutinho,"€ 115,847","€ 6,024,051","€ 6,942,974",M,34,Portugal,Wolverhampton,england,2021
Sadio Mané,"€ 115,847","€ 6,024,051","€ 6,942,974",F,28,Senegal,Liverpool,england,2021
Jordan Henderson,"€ 115,847","€ 6,024,051","€ 6,942,974",M,30,England,Liverpool,england,2021
Joel Matip,"€ 115,847","€ 6,024,051","€ 6,942,974",D,29,Cameroon,Liverpool,england,2021
Fabinho,"€ 115,847","€ 6,024,051","€ 6,942,974",M,26,Brazil,Liverpool,england,2021
Jonny Evans,"€ 115,847","€ 6,024,051","€ 6,942,974",D,32,Northern Ireland,Leicester,england,2021
Hugo Lloris,"€ 115,847","€ 6,024,051","€ 6,942,974",K,33,France,Tottenham,england,2021
Antonio Rüdiger,"€ 115,847","€ 6,024,051","€ 6,942,974",D,27,Germany,Chelsea,england,2021
Rodrigo,"€ 115,847","€ 6,024,051","€ 6,942,974",F,29,Spain,Leeds,england,2021
Danny Drinkwater,"€ 115,847","€ 6,024,051","€ 6,942,974",M,30,England,Chelsea,england,2021
Hakim Ziyech,"€ 115,847","€ 6,024,051","€ 6,942,974",F,27,Morocco,Chelsea,england,2021
Marcos Alonso,"€ 115,847","€ 6,024,051","€ 6,942,974",D,29,Spain,Chelsea,england,2021
Mateo Kovacic,"€ 115,847","€ 6,024,051","€ 6,942,974",M,26,Croatia,Chelsea,england,2021
Reece James,"€ 115,847","€ 6,024,051","€ 6,942,974",D,20,England,Chelsea,england,2021
Pierre-Emile Höjbjerg,"€ 115,847","€ 6,024,051","€ 6,942,974",M,25,Denmark,Tottenham,england,2021
Mamadou Sakho,"€ 115,847","€ 6,024,051","€ 6,942,974",D,30,France,Crystal Palace,england,2021
Jordan Pickford,"€ 115,847","€ 6,024,051","€ 6,942,974",K,26,England,Everton,england,2021
Gylfi Sigurdsson,"€ 115,847","€ 6,024,051","€ 6,942,974",F,31,Iceland,Everton,england,2021
Ross Barkley,"€ 111,391","€ 5,792,357","€ 6,675,937",M,26,England,Aston Villa,england,2021
Alex Telles,"€ 107,827","€ 5,607,002","€ 6,462,307",D,27,Brazil,Manchester United,england,2021
Sokratis,"€ 106,490","€ 5,537,493","€ 6,382,196",D,32,Greece,Arsenal,england,2021
Gabriel Jesus,"€ 104,262","€ 5,421,646","€ 6,248,677",F,23,Brazil,Manchester City,england,2021
James Rodríguez,"€ 104,262","€ 5,421,646","€ 6,248,677",F,29,Colombia,Everton,england,2021
Aaron Wan-Bissaka,"€ 104,262","€ 5,421,646","€ 6,248,677",D,22,England,Manchester United,england,2021
Shkodran Mustafi,"€ 104,262","€ 5,421,646","€ 6,248,677",D,28,Germany,Arsenal,england,2021
Diogo Jota,"€ 104,262","€ 5,421,646","€ 6,248,677",F,23,Portugal,Liverpool,england,2021
Lucas Moura,"€ 104,262","€ 5,421,646","€ 6,248,677",F,28,Brazil,Tottenham,england,2021
Rúben Dias,"€ 104,262","€ 5,421,646","€ 6,248,677",D,23,Portugal,Manchester City,england,2021
Adam Lallana,"€ 104,262","€ 5,421,646","€ 6,248,677",F,32,England,Brighton,england,2021
Lucas Digne,"€ 104,262","€ 5,421,646","€ 6,248,677",D,27,France,Everton,england,2021
Fraser Forster,"€ 104,262","€ 5,421,646","€ 6,248,677",K,32,England,Southampton,england,2021
Michy Batshuayi,"€ 104,262","€ 5,421,646","€ 6,248,677",F,27,Belgium,Crystal Palace,england,2021
Benjamin Mendy,"€ 104,262","€ 5,421,646","€ 6,248,677",D,26,France,Manchester City,england,2021
Alisson,"€ 104,262","€ 5,421,646","€ 6,248,677",K,28,Brazil,Liverpool,england,2021
Nathan Aké,"€ 104,262","€ 5,421,646","€ 6,248,677",D,25,Netherlands,Manchester City,england,2021
Richarlison,"€ 104,262","€ 5,421,646","€ 6,248,677",F,23,Brazil,Everton,england,2021
Abdul Rahman Baba,"€ 99,629","€ 5,180,684","€ 5,970,958",D,26,Ghana,Chelsea,england,2021
Eric Dier,"€ 98,470","€ 5,120,444","€ 5,901,528",D,26,England,Tottenham,england,2021
Pablo Marí,"€ 98,470","€ 5,120,444","€ 5,901,528",D,27,Spain,Arsenal,england,2021
Joelinton,"€ 98,470","€ 5,120,444","€ 5,901,528",F,24,Brazil,Newcastle,england,2021
Moussa Sissoko,"€ 92,678","€ 4,819,241","€ 5,554,379",M,31,France,Tottenham,england,2021
Mason Mount,"€ 92,678","€ 4,819,241","€ 5,554,379",F,21,England,Chelsea,england,2021
Fábio Silva,"€ 92,678","€ 4,819,241","€ 5,554,379",F,18,Portugal,Wolverhampton,england,2021
Martin Ødegaard,"€ 92,678","€ 4,819,241","€ 5,554,379",F,22,Norway,Arsenal,england,2021
Xherdan Shaqiri,"€ 92,678","€ 4,819,241","€ 5,554,379",F,29,Switzerland,Liverpool,england,2021
Michael Keane,"€ 92,678","€ 4,819,241","€ 5,554,379",D,27,England,Everton,england,2021
Toby Alderweireld,"€ 92,678","€ 4,819,241","€ 5,554,379",D,31,Belgium,Tottenham,england,2021
Islam Slimani,"€ 92,678","€ 4,819,241","€ 5,554,379",F,32,Algeria,Leicester,england,2021
João Cancelo,"€ 92,678","€ 4,819,241","€ 5,554,379",D,26,Portugal,Manchester City,england,2021
Andreas Christensen,"€ 92,678","€ 4,819,241","€ 5,554,379",D,24,Denmark,Chelsea,england,2021
Nélson Semedo,"€ 92,678","€ 4,819,241","€ 5,554,379",D,26,Portugal,Wolverhampton,england,2021
Eric Bailly,"€ 92,678","€ 4,819,241","€ 5,554,379",D,26,Cote d'Ivoire,Manchester United,england,2021
Tyrone Mings,"€ 92,678","€ 4,819,241","€ 5,554,379",D,27,England,Aston Villa,england,2021
Nathaniel Clyne,"€ 92,678","€ 4,819,241","€ 5,554,379",D,29,England,Crystal Palace,england,2021
Fabian Delph,"€ 92,678","€ 4,819,241","€ 5,554,379",M,30,England,Everton,england,2021
Erik Lamela,"€ 92,678","€ 4,819,241","€ 5,554,379",F,28,Argentina,Tottenham,england,2021
Marcos Rojo,"€ 92,678","€ 4,819,241","€ 5,554,379",D,30,Argentina,Manchester United,england,2021
Kelechi Iheanacho,"€ 92,678","€ 4,819,241","€ 5,554,379",F,24,Nigeria,Leicester,england,2021
Bertrand Traoré,"€ 90,227","€ 4,691,809","€ 5,407,509",F,25,Burkina Faso,Aston Villa,england,2021
Cengiz Ünder,"€ 89,782","€ 4,668,640","€ 5,380,805",F,23,Turkey,Leicester,england,2021
Yannick Bolasie,"€ 86,885","€ 4,518,038","€ 5,207,231",F,31,Democratic Republic of the Congo,Everton,england,2021
Sébastien Haller,"€ 86,885","€ 4,518,038","€ 5,207,231",F,26,France,West Ham,england,2021
Wilfred Ndidi,"€ 86,885","€ 4,518,038","€ 5,207,231",M,23,Nigeria,Leicester,england,2021
Andy Carroll,"€ 86,885","€ 4,518,038","€ 5,207,231",F,31,England,Newcastle,england,2021
Ollie Watkins,"€ 86,885","€ 4,518,038","€ 5,207,231",F,24,England,Aston Villa,england,2021
Dennis Praet,"€ 86,885","€ 4,518,038","€ 5,207,231",M,26,Belgium,Leicester,england,2021
Jesse Lingard,"€ 86,885","€ 4,518,038","€ 5,207,231",F,27,England,Manchester United,england,2021
Ben Godfrey,"€ 86,885","€ 4,518,038","€ 5,207,231",D,22,England,Everton,england,2021
Cédric Soares,"€ 86,885","€ 4,518,038","€ 5,207,231",D,29,Portugal,Arsenal,england,2021
Emerson,"€ 86,885","€ 4,518,038","€ 5,207,231",D,26,Italy,Chelsea,england,2021
Jesse Lingard,"€ 86,885","€ 4,518,038","€ 5,207,231",F,28,England,West Ham,england,2021
Jean-Philippe Gbamin,"€ 86,885","€ 4,518,038","€ 5,207,231",M,25,Cote d'Ivoire,Everton,england,2021
Mason Greenwood,"€ 86,885","€ 4,518,038","€ 5,207,231",F,19,England,Manchester United,england,2021
Vicente Guaita,"€ 86,885","€ 4,518,038","€ 5,207,231",K,33,Spain,Crystal Palace,england,2021
Steven Bergwijn,"€ 86,885","€ 4,518,038","€ 5,207,231",F,23,Netherlands,Tottenham,england,2021
Phil Jones,"€ 86,885","€ 4,518,038","€ 5,207,231",D,28,England,Manchester United,england,2021
Takumi Minamino,"€ 86,885","€ 4,518,038","€ 5,207,231",F,26,Japan,Southampton,england,2021
Theo Walcott,"€ 86,885","€ 4,518,038","€ 5,207,231",F,31,England,Southampton,england,2021
Lewis Dunk,"€ 86,885","€ 4,518,038","€ 5,207,231",D,28,England,Brighton,england,2021
Takumi Minamino,"€ 86,885","€ 4,518,038","€ 5,207,231",F,25,Japan,Liverpool,england,2021
Leander Dendoncker,"€ 86,885","€ 4,518,038","€ 5,207,231",M,25,Belgium,Wolverhampton,england,2021
Danny Ings,"€ 86,885","€ 4,518,038","€ 5,207,231",F,28,England,Southampton,england,2021
Luka Milivojevic,"€ 86,885","€ 4,518,038","€ 5,207,231",M,29,Serbia,Crystal Palace,england,2021
Joe Gomez,"€ 86,885","€ 4,518,038","€ 5,207,231",D,23,England,Liverpool,england,2021
Georginio Wijnaldum,"€ 86,885","€ 4,518,038","€ 5,207,231",M,29,Netherlands,Liverpool,england,2021
Gabriel Martinelli,"€ 81,093","€ 4,216,836","€ 4,860,082",F,19,Brazil,Arsenal,england,2021
Michail Antonio,"€ 81,093","€ 4,216,836","€ 4,860,082",F,30,England,West Ham,england,2021
Alex Iwobi,"€ 81,093","€ 4,216,836","€ 4,860,082",F,24,Nigeria,Everton,england,2021
Allan,"€ 81,093","€ 4,216,836","€ 4,860,082",M,29,Brazil,Everton,england,2021
Ricardo Pereira,"€ 81,093","€ 4,216,836","€ 4,860,082",D,27,Portugal,Leicester,england,2021
Angelo Ogbonna,"€ 81,093","€ 4,216,836","€ 4,860,082",D,32,Italy,West Ham,england,2021
Allan Saint-Maximin,"€ 81,093","€ 4,216,836","€ 4,860,082",F,23,France,Newcastle,england,2021
Jonjo Shelvey,"€ 81,093","€ 4,216,836","€ 4,860,082",M,28,England,Newcastle,england,2021
Manuel Lanzini,"€ 81,093","€ 4,216,836","€ 4,860,082",F,27,Argentina,West Ham,england,2021
Charlie Austin,"€ 81,093","€ 4,216,836","€ 4,860,082",F,31,England,West Bromwich,england,2021
Sergio Romero,"€ 81,093","€ 4,216,836","€ 4,860,082",K,33,Argentina,Manchester United,england,2021
Serge Aurier,"€ 81,093","€ 4,216,836","€ 4,860,082",D,27,Cote d'Ivoire,Tottenham,england,2021
Giovani Lo Celso,"€ 81,093","€ 4,216,836","€ 4,860,082",M,24,Argentina,Tottenham,england,2021
Mason Holgate,"€ 81,093","€ 4,216,836","€ 4,860,082",D,23,England,Everton,england,2021
Seamus Coleman,"€ 81,093","€ 4,216,836","€ 4,860,082",D,32,Ireland,Everton,england,2021
Bukayo Saka,"€ 81,093","€ 4,216,836","€ 4,860,082",M,19,England,Arsenal,england,2021
André Zambo Anguissa,"€ 77,618","€ 4,036,114","€ 4,651,793",M,24,Cameroon,Fulham,england,2021
Matty Cash,"€ 75,301","€ 3,915,633","€ 4,512,933",D,23,England,Aston Villa,england,2021
Tomas Soucek,"€ 75,301","€ 3,915,633","€ 4,512,933",M,25,Czech Republic,West Ham,england,2021
Pablo Fornals,"€ 75,301","€ 3,915,633","€ 4,512,933",M,24,Spain,West Ham,england,2021
Lukasz Fabianski,"€ 75,301","€ 3,915,633","€ 4,512,933",K,35,Poland,West Ham,england,2021
Cheikhou Kouyaté,"€ 75,301","€ 3,915,633","€ 4,512,933",M,30,Senegal,Crystal Palace,england,2021
Gary Cahill,"€ 75,301","€ 3,915,633","€ 4,512,933",D,34,England,Crystal Palace,england,2021
Jean Michaël Seri,"€ 75,301","€ 3,915,633","€ 4,512,933",M,29,Cote d'Ivoire,Fulham,england,2021
Matt Doherty,"€ 75,301","€ 3,915,633","€ 4,512,933",D,28,Ireland,Tottenham,england,2021
Timothy Castagne,"€ 75,301","€ 3,915,633","€ 4,512,933",D,24,Belgium,Leicester,england,2021
Nathaniel Phillips,"€ 75,301","€ 3,915,633","€ 4,512,933",D,23,England,Liverpool,england,2021
Ozan Kabak,"€ 75,301","€ 3,915,633","€ 4,512,933",D,20,Turkey,Liverpool,england,2021
Ederson,"€ 75,301","€ 3,915,633","€ 4,512,933",K,27,Brazil,Manchester City,england,2021
Davinson Sánchez,"€ 75,301","€ 3,915,633","€ 4,512,933",D,24,Colombia,Tottenham,england,2021
Brandon Williams,"€ 75,301","€ 3,915,633","€ 4,512,933",D,20,England,Manchester United,england,2021
Oriol Romeu,"€ 75,301","€ 3,915,633","€ 4,512,933",M,29,Spain,Southampton,england,2021
Raphinha,"€ 73,563","€ 3,825,273","€ 4,408,789",F,23,Brazil,Leeds,england,2021
Danny Rose,"€ 69,508","€ 3,614,431","€ 4,165,785",D,30,England,Tottenham,england,2021
Jan Bednarek,"€ 69,508","€ 3,614,431","€ 4,165,785",D,24,Poland,Southampton,england,2021
Connor Wickham,"€ 69,508","€ 3,614,431","€ 4,165,785",F,27,England,Crystal Palace,england,2021
Jannik Vestergaard,"€ 69,508","€ 3,614,431","€ 4,165,785",D,28,Denmark,Southampton,england,2021
Ben Davies,"€ 69,508","€ 3,614,431","€ 4,165,785",D,27,Wales,Tottenham,england,2021
Aleksandar Mitrovic,"€ 69,508","€ 3,614,431","€ 4,165,785",F,26,Serbia,Fulham,england,2021
Jarrod Bowen,"€ 69,508","€ 3,614,431","€ 4,165,785",F,23,England,West Ham,england,2021
Shane Long,"€ 69,508","€ 3,614,431","€ 4,165,785",F,33,Ireland,Southampton,england,2021
Ben Davies,"€ 69,508","€ 3,614,431","€ 4,165,785",D,25,England,Liverpool,england,2021
Andrew Robertson,"€ 69,508","€ 3,614,431","€ 4,165,785",D,26,Scotland,Liverpool,england,2021
Issa Diop,"€ 69,508","€ 3,614,431","€ 4,165,785",D,23,France,West Ham,england,2021
Declan Rice,"€ 69,508","€ 3,614,431","€ 4,165,785",M,21,England,West Ham,england,2021
Cenk Tosun,"€ 69,508","€ 3,614,431","€ 4,165,785",F,29,Turkey,Everton,england,2021
Phil Foden,"€ 69,508","€ 3,614,431","€ 4,165,785",M,20,England,Manchester City,england,2021
Scott McTominay,"€ 69,508","€ 3,614,431","€ 4,165,785",M,23,Scotland,Manchester United,england,2021
Wes Morgan,"€ 69,508","€ 3,614,431","€ 4,165,785",D,36,Jamaica,Leicester,england,2021
Scott Dann,"€ 69,508","€ 3,614,431","€ 4,165,785",D,33,England,Crystal Palace,england,2021
Nathan Redmond,"€ 69,508","€ 3,614,431","€ 4,165,785",F,26,England,Southampton,england,2021
Adrián,"€ 69,508","€ 3,614,431","€ 4,165,785",K,33,Spain,Liverpool,england,2021
Daniel Podence,"€ 69,508","€ 3,614,431","€ 4,165,785",F,25,Portugal,Wolverhampton,england,2021
Tammy Abraham,"€ 66,835","€ 3,475,414","€ 4,005,562",F,23,England,Chelsea,england,2021
Adama Traoré,"€ 63,716","€ 3,313,228","€ 3,818,636",F,24,Spain,Wolverhampton,england,2021
Björn Engels,"€ 63,716","€ 3,313,228","€ 3,818,636",D,26,Belgium,Aston Villa,england,2021
Jairo Riedewald,"€ 63,716","€ 3,313,228","€ 3,818,636",D,24,Netherlands,Crystal Palace,england,2021
Willy Boly,"€ 63,716","€ 3,313,228","€ 3,818,636",D,29,France,Wolverhampton,england,2021
John McGinn,"€ 63,716","€ 3,313,228","€ 3,818,636",M,26,Scotland,Aston Villa,england,2021
Ibrahima Diallo,"€ 63,716","€ 3,313,228","€ 3,818,636",M,21,France,Southampton,england,2021
Kieran Gibbs,"€ 63,716","€ 3,313,228","€ 3,818,636",D,31,England,West Bromwich,england,2021
Emil Krafth,"€ 63,716","€ 3,313,228","€ 3,818,636",D,26,Sweden,Newcastle,england,2021
Moussa Djenepo,"€ 63,716","€ 3,313,228","€ 3,818,636",F,22,Mali,Southampton,england,2021
Ben Mee,"€ 63,716","€ 3,313,228","€ 3,818,636",D,31,England,Burnley,england,2021
Demarai Gray,"€ 63,716","€ 3,313,228","€ 3,818,636",F,24,England,Leicester,england,2021
Danny Welbeck,"€ 63,716","€ 3,313,228","€ 3,818,636",F,29,England,Brighton,england,2021
Saïd Benrahma,"€ 63,716","€ 3,313,228","€ 3,818,636",F,25,Algeria,West Ham,england,2021
Alphonse Areola,"€ 63,716","€ 3,313,228","€ 3,818,636",K,27,France,Fulham,england,2021
James McArthur,"€ 63,716","€ 3,313,228","€ 3,818,636",M,33,Scotland,Crystal Palace,england,2021
Nampalys Mendy,"€ 63,716","€ 3,313,228","€ 3,818,636",M,28,France,Leicester,england,2021
Conor Coady,"€ 63,716","€ 3,313,228","€ 3,818,636",D,27,England,Wolverhampton,england,2021
Edouard Mendy,"€ 63,716","€ 3,313,228","€ 3,818,636",K,28,Senegal,Chelsea,england,2021
Andros Townsend,"€ 63,716","€ 3,313,228","€ 3,818,636",F,29,England,Crystal Palace,england,2021
Patrick van Aanholt,"€ 63,716","€ 3,313,228","€ 3,818,636",D,30,Netherlands,Crystal Palace,england,2021
Sergio Reguilón,"€ 61,399","€ 3,192,747","€ 3,679,776",D,23,Spain,Tottenham,england,2021
Trezeguet,"€ 60,820","€ 3,162,627","€ 3,645,062",F,26,Egypt,Aston Villa,england,2021
Joachim Andersen,"€ 60,241","€ 3,132,507","€ 3,610,347",D,24,Denmark,Fulham,england,2021
Gedson Fernandes,"€ 58,815","€ 3,058,364","€ 3,524,895",M,21,Portugal,Tottenham,england,2021
James Tarkowski,"€ 57,924","€ 3,012,026","€ 3,471,487",D,27,England,Burnley,england,2021
Gabriel Magalhães,"€ 57,924","€ 3,012,026","€ 3,471,487",D,22,Brazil,Arsenal,england,2021
Christian Fuchs,"€ 57,924","€ 3,012,026","€ 3,471,487",D,34,Austria,Leicester,england,2021
Alex McCarthy,"€ 57,924","€ 3,012,026","€ 3,471,487",K,30,England,Southampton,england,2021
Mohamed Elneny,"€ 57,924","€ 3,012,026","€ 3,471,487",M,28,Egypt,Arsenal,england,2021
Aaron Cresswell,"€ 57,924","€ 3,012,026","€ 3,471,487",D,30,England,West Ham,england,2021
Jeffrey Schlupp,"€ 57,924","€ 3,012,026","€ 3,471,487",M,27,Ghana,Crystal Palace,england,2021
Rúben Neves,"€ 57,924","€ 3,012,026","€ 3,471,487",M,23,Portugal,Wolverhampton,england,2021
Jean-Philippe Mateta,"€ 57,924","€ 3,012,026","€ 3,471,487",F,23,France,Crystal Palace,england,2021
James Tomkins,"€ 57,924","€ 3,012,026","€ 3,471,487",D,31,England,Crystal Palace,england,2021
James McCarthy,"€ 57,924","€ 3,012,026","€ 3,471,487",M,29,Ireland,Crystal Palace,england,2021
Phil Jagielka,"€ 57,924","€ 3,012,026","€ 3,471,487",D,38,England,Sheffield United,england,2021
Pedro Neto,"€ 57,924","€ 3,012,026","€ 3,471,487",F,20,Portugal,Wolverhampton,england,2021
Kenny Tete,"€ 57,924","€ 3,012,026","€ 3,471,487",D,25,Netherlands,Fulham,england,2021
Alireza Jahanbakhsh,"€ 57,924","€ 3,012,026","€ 3,471,487",F,27,Iran,Brighton,england,2021
Ben White,"€ 57,924","€ 3,012,026","€ 3,471,487",D,23,England,Brighton,england,2021
Pascal Groß,"€ 57,924","€ 3,012,026","€ 3,471,487",F,29,Germany,Brighton,england,2021
Konstantinos Tsimikas,"€ 57,924","€ 3,012,026","€ 3,471,487",D,24,Greece,Liverpool,england,2021
Chris Wood,"€ 57,924","€ 3,012,026","€ 3,471,487",F,28,New Zealand,Burnley,england,2021
Calum Chambers,"€ 57,924","€ 3,012,026","€ 3,471,487",D,25,England,Arsenal,england,2021
Stuart Armstrong,"€ 57,924","€ 3,012,026","€ 3,471,487",F,28,Scotland,Southampton,england,2021
Harry Winks,"€ 57,924","€ 3,012,026","€ 3,471,487",M,24,England,Tottenham,england,2021
Mark Noble,"€ 57,924","€ 3,012,026","€ 3,471,487",M,33,England,West Ham,england,2021
Ademola Lookman,"€ 57,344","€ 2,981,905","€ 3,436,772",F,23,England,Fulham,england,2021
Erik Pieters,"€ 55,696","€ 2,896,178","€ 3,337,968",D,32,Netherlands,Burnley,england,2021
Ferran Torres,"€ 53,468","€ 2,780,331","€ 3,204,450",F,20,Spain,Manchester City,england,2021
Jake Livermore,"€ 53,290","€ 2,771,064","€ 3,193,768",M,30,England,West Bromwich,england,2021
Zack Steffen,"€ 53,290","€ 2,771,064","€ 3,193,768",K,25,United States,Manchester City,england,2021
Callum Wilson,"€ 53,290","€ 2,771,064","€ 3,193,768",F,28,England,Newcastle,england,2021
Keinan Davis,"€ 52,131","€ 2,710,823","€ 3,124,338",F,22,England,Aston Villa,england,2021
Joshua King,"€ 52,131","€ 2,710,823","€ 3,124,338",F,29,Norway,Everton,england,2021
Craig Dawson,"€ 52,131","€ 2,710,823","€ 3,124,338",D,30,England,West Ham,england,2021
Fabri,"€ 52,131","€ 2,710,823","€ 3,124,338",K,32,Spain,Fulham,england,2021
Matt Ritchie,"€ 52,131","€ 2,710,823","€ 3,124,338",D,31,Scotland,Newcastle,england,2021
Joe Hart,"€ 52,131","€ 2,710,823","€ 3,124,338",K,33,England,Tottenham,england,2021
Ayoze Pérez,"€ 52,131","€ 2,710,823","€ 3,124,338",F,27,Spain,Leicester,england,2021
Caglar Söyüncü,"€ 52,131","€ 2,710,823","€ 3,124,338",D,24,Turkey,Leicester,england,2021
Eddie Nketiah,"€ 52,131","€ 2,710,823","€ 3,124,338",F,21,England,Arsenal,england,2021
Jamal Lewis,"€ 52,131","€ 2,710,823","€ 3,124,338",D,22,Northern Ireland,Newcastle,england,2021
Marc Albrighton,"€ 52,131","€ 2,710,823","€ 3,124,338",M,30,England,Leicester,england,2021
Divock Origi,"€ 52,131","€ 2,710,823","€ 3,124,338",F,25,Belgium,Liverpool,england,2021
José Izquierdo,"€ 52,131","€ 2,710,823","€ 3,124,338",F,28,Colombia,Brighton,england,2021
James Ward-Prowse,"€ 52,131","€ 2,710,823","€ 3,124,338",M,25,England,Southampton,england,2021
Davy Pröpper,"€ 52,131","€ 2,710,823","€ 3,124,338",M,29,Netherlands,Brighton,england,2021
Morgan Sanson,"€ 52,131","€ 2,710,823","€ 3,124,338",M,26,France,Aston Villa,england,2021
Jack Stephens,"€ 52,131","€ 2,710,823","€ 3,124,338",D,26,England,Southampton,england,2021
Daniel James,"€ 52,131","€ 2,710,823","€ 3,124,338",F,22,Wales,Manchester United,england,2021
Emiliano Martínez,"€ 52,131","€ 2,710,823","€ 3,124,338",K,28,Argentina,Aston Villa,england,2021
Willian José,"€ 52,131","€ 2,710,823","€ 3,124,338",F,29,Brazil,Wolverhampton,england,2021
Federico Fernández,"€ 49,903","€ 2,594,976","€ 2,990,820",D,31,Argentina,Newcastle,england,2021
Miguel Almirón,"€ 48,656","€ 2,530,102","€ 2,916,049",F,26,Paraguay,Newcastle,england,2021
Ryan Fraser,"€ 48,656","€ 2,530,102","€ 2,916,049",F,26,Scotland,Newcastle,england,2021
Ki-Jana Hoever,"€ 46,784","€ 2,432,790","€ 2,803,893",D,18,Netherlands,Wolverhampton,england,2021
Henri Lansbury,"€ 46,339","€ 2,409,620","€ 2,777,190",M,30,England,Aston Villa,england,2021
Josh Brownhill,"€ 46,339","€ 2,409,620","€ 2,777,190",M,24,England,Burnley,england,2021
Dwight Gayle,"€ 46,339","€ 2,409,620","€ 2,777,190",F,30,England,Newcastle,england,2021
Wayne Hennessey,"€ 46,339","€ 2,409,620","€ 2,777,190",K,33,Wales,Crystal Palace,england,2021
William Saliba,"€ 46,339","€ 2,409,620","€ 2,777,190",D,19,France,Arsenal,england,2021
Tom Heaton,"€ 46,339","€ 2,409,620","€ 2,777,190",K,34,England,Aston Villa,england,2021
Fabián Balbuena,"€ 46,339","€ 2,409,620","€ 2,777,190",D,29,Paraguay,West Ham,england,2021
Mario Lemina,"€ 46,339","€ 2,409,620","€ 2,777,190",M,27,Gabon,Fulham,england,2021
Robert Snodgrass,"€ 46,339","€ 2,409,620","€ 2,777,190",F,33,Scotland,West Bromwich,england,2021
Kiko Casilla,"€ 46,339","€ 2,409,620","€ 2,777,190",K,34,Spain,Leeds,england,2021
Frédéric Guilbert,"€ 46,339","€ 2,409,620","€ 2,777,190",D,25,France,Aston Villa,england,2021
Florin Andone,"€ 46,339","€ 2,409,620","€ 2,777,190",F,27,Romania,Brighton,england,2021
Martin Dubravka,"€ 46,339","€ 2,409,620","€ 2,777,190",K,31,Slovakia,Newcastle,england,2021
Arthur Masuaku,"€ 46,339","€ 2,409,620","€ 2,777,190",D,26,Democratic Republic of the Congo,West Ham,england,2021
Robin Koch,"€ 46,339","€ 2,409,620","€ 2,777,190",D,24,Germany,Leeds,england,2021
Trent Alexander-Arnold,"€ 46,339","€ 2,409,620","€ 2,777,190",D,22,England,Liverpool,england,2021
Leandro Trossard,"€ 46,339","€ 2,409,620","€ 2,777,190",F,25,Belgium,Brighton,england,2021
Joël Veltman,"€ 46,339","€ 2,409,620","€ 2,777,190",D,28,Netherlands,Brighton,england,2021
Jamaal Lascelles,"€ 46,339","€ 2,409,620","€ 2,777,190",D,26,England,Newcastle,england,2021
Rob Holding,"€ 46,339","€ 2,409,620","€ 2,777,190",D,25,England,Arsenal,england,2021
Ryan Fredericks,"€ 46,339","€ 2,409,620","€ 2,777,190",D,28,England,West Ham,england,2021
Ashley Barnes,"€ 46,339","€ 2,409,620","€ 2,777,190",F,31,England,Burnley,england,2021
Diego Llorente,"€ 46,339","€ 2,409,620","€ 2,777,190",D,27,Spain,Leeds,england,2021
Robert Snodgrass,"€ 46,339","€ 2,409,620","€ 2,777,190",F,33,Scotland,West Ham,england,2021
Charly Musonda Jr,"€ 46,339","€ 2,409,620","€ 2,777,190",F,24,Belgium,Chelsea,england,2021
Fabian Schär,"€ 46,339","€ 2,409,620","€ 2,777,190",D,28,Switzerland,Newcastle,england,2021
Danny Ward,"€ 46,339","€ 2,409,620","€ 2,777,190",K,27,Wales,Leicester,england,2021
Tosin Adarabioyo,"€ 46,339","€ 2,409,620","€ 2,777,190",D,23,England,Fulham,england,2021
Tyrick Mitchell,"€ 46,339","€ 2,409,620","€ 2,777,190",D,21,England,Crystal Palace,england,2021
Kurt Zouma,"€ 46,339","€ 2,409,620","€ 2,777,190",D,25,France,Chelsea,england,2021
Branislav Ivanovic,"€ 44,557","€ 2,316,943","€ 2,670,375",D,36,Serbia,West Bromwich,england,2021
Jack Cork,"€ 44,111","€ 2,293,773","€ 2,643,671",M,31,England,Burnley,england,2021
Philippe Sandler,"€ 44,022","€ 2,289,139","€ 2,638,330",D,23,Netherlands,Manchester City,england,2021
Dale Stephens,"€ 43,443","€ 2,259,019","€ 2,603,615",M,31,England,Burnley,england,2021
Ivan Cavaleiro,"€ 43,443","€ 2,259,019","€ 2,603,615",F,27,Portugal,Fulham,england,2021
Ashley Westwood,"€ 41,705","€ 2,168,658","€ 2,499,471",M,30,England,Burnley,england,2021
Ainsley Maitland-Niles,"€ 40,547","€ 2,108,418","€ 2,430,041",M,23,England,Arsenal,england,2021
Robbie Brady,"€ 40,547","€ 2,108,418","€ 2,430,041",M,28,Ireland,Burnley,england,2021
Patrick Bamford,"€ 40,547","€ 2,108,418","€ 2,430,041",F,27,England,Leeds,england,2021
Youri Tielemans,"€ 40,547","€ 2,108,418","€ 2,430,041",M,23,Belgium,Leicester,england,2021
Willy Caballero,"€ 40,547","€ 2,108,418","€ 2,430,041",K,39,Argentina,Chelsea,england,2021
Ainsley Maitland-Niles,"€ 40,547","€ 2,108,418","€ 2,430,041",M,23,England,West Bromwich,england,2021
Henri Saivet,"€ 40,547","€ 2,108,418","€ 2,430,041",F,29,Senegal,Newcastle,england,2021
Tariq Lamptey,"€ 40,547","€ 2,108,418","€ 2,430,041",D,20,England,Brighton,england,2021
Vladimir Coufal,"€ 40,547","€ 2,108,418","€ 2,430,041",D,28,Czech Republic,West Ham,england,2021
Neal Maupay,"€ 40,547","€ 2,108,418","€ 2,430,041",F,24,France,Brighton,england,2021
Paul Dummett,"€ 40,547","€ 2,108,418","€ 2,430,041",D,29,Wales,Newcastle,england,2021
Mathew Ryan,"€ 40,547","€ 2,108,418","€ 2,430,041",K,28,Australia,Brighton,england,2021
Jonny Otto,"€ 40,547","€ 2,108,418","€ 2,430,041",D,26,Spain,Wolverhampton,england,2021
Jack Butland,"€ 40,547","€ 2,108,418","€ 2,430,041",K,27,England,Crystal Palace,england,2021
Marçal,"€ 40,547","€ 2,108,418","€ 2,430,041",D,31,Brazil,Wolverhampton,england,2021
Darren Randolph,"€ 40,547","€ 2,108,418","€ 2,430,041",K,33,Ireland,West Ham,england,2021
Adam Webster,"€ 40,547","€ 2,108,418","€ 2,430,041",D,25,England,Brighton,england,2021
Ciaran Clark,"€ 40,547","€ 2,108,418","€ 2,430,041",D,31,Ireland,Newcastle,england,2021
Wesley,"€ 40,547","€ 2,108,418","€ 2,430,041",F,23,Brazil,Aston Villa,england,2021
Mathew Ryan,"€ 40,547","€ 2,108,418","€ 2,430,041",K,28,Australia,Arsenal,england,2021
Joel Ward,"€ 40,547","€ 2,108,418","€ 2,430,041",D,30,England,Crystal Palace,england,2021
Matt Targett,"€ 40,547","€ 2,108,418","€ 2,430,041",D,25,England,Aston Villa,england,2021
Jay Rodríguez,"€ 40,547","€ 2,108,418","€ 2,430,041",F,31,England,Burnley,england,2021
Jordan Ayew,"€ 40,547","€ 2,108,418","€ 2,430,041",F,29,Ghana,Crystal Palace,england,2021
Bobby Reid,"€ 40,547","€ 2,108,418","€ 2,430,041",F,27,Jamaica,Fulham,england,2021
Jeff Hendrick,"€ 40,547","€ 2,108,418","€ 2,430,041",M,28,Ireland,Newcastle,england,2021
Javier Manquillo,"€ 40,547","€ 2,108,418","€ 2,430,041",D,26,Spain,Newcastle,england,2021
Matej Vydra,"€ 40,547","€ 2,108,418","€ 2,430,041",F,28,Czech Republic,Burnley,england,2021
Sander Berge,"€ 37,873","€ 1,969,401","€ 2,269,819",M,22,Norway,Sheffield United,england,2021
Hélder Costa,"€ 37,650","€ 1,957,817","€ 2,256,467",F,26,Portugal,Leeds,england,2021
Neil Taylor,"€ 36,982","€ 1,923,063","€ 2,216,411",D,31,Wales,Aston Villa,england,2021
Anwar El Ghazi,"€ 35,868","€ 1,865,139","€ 2,149,652",F,25,Netherlands,Aston Villa,england,2021
Karl Darlow,"€ 34,754","€ 1,807,215","€ 2,082,892",K,30,England,Newcastle,england,2021
Solly March,"€ 34,754","€ 1,807,215","€ 2,082,892",M,26,England,Brighton,england,2021
Harrison Reed,"€ 34,754","€ 1,807,215","€ 2,082,892",M,25,England,Fulham,england,2021
Muhamed Besic,"€ 34,754","€ 1,807,215","€ 2,082,892",M,28,Bosnia-Herzegovina,Everton,england,2021
Sam Johnstone,"€ 34,754","€ 1,807,215","€ 2,082,892",K,27,England,West Bromwich,england,2021
Ezri Konsa,"€ 34,754","€ 1,807,215","€ 2,082,892",D,22,England,Aston Villa,england,2021
Che Adams,"€ 34,754","€ 1,807,215","€ 2,082,892",F,24,England,Southampton,england,2021
Tom Cairney,"€ 34,754","€ 1,807,215","€ 2,082,892",M,29,Scotland,Fulham,england,2021
Douglas Luiz,"€ 34,754","€ 1,807,215","€ 2,082,892",M,22,Brazil,Aston Villa,england,2021
Conor Hourihane,"€ 34,754","€ 1,807,215","€ 2,082,892",M,29,Ireland,Aston Villa,england,2021
Marvelous Nakamba,"€ 34,754","€ 1,807,215","€ 2,082,892",M,26,Zimbabwe,Aston Villa,england,2021
Lee Grant,"€ 34,754","€ 1,807,215","€ 2,082,892",K,37,England,Manchester United,england,2021
Eberechi Eze,"€ 34,754","€ 1,807,215","€ 2,082,892",F,22,England,Crystal Palace,england,2021
Nick Pope,"€ 34,754","€ 1,807,215","€ 2,082,892",K,28,England,Burnley,england,2021
Josh Onomah,"€ 34,754","€ 1,807,215","€ 2,082,892",F,23,England,Fulham,england,2021
Alexis Mac Allister,"€ 34,754","€ 1,807,215","€ 2,082,892",F,21,Argentina,Brighton,england,2021
Christian Atsu,"€ 34,754","€ 1,807,215","€ 2,082,892",F,28,Ghana,Newcastle,england,2021
Kalvin Phillips,"€ 34,754","€ 1,807,215","€ 2,082,892",M,24,England,Leeds,england,2021
Jóhann Berg Gudmundsson,"€ 34,754","€ 1,807,215","€ 2,082,892",F,29,Iceland,Burnley,england,2021
DeAndre Yedlin,"€ 34,754","€ 1,807,215","€ 2,082,892",D,27,United States,Newcastle,england,2021
Joe Bryan,"€ 34,754","€ 1,807,215","€ 2,082,892",D,27,England,Fulham,england,2021
Axel Tuanzebe,"€ 34,754","€ 1,807,215","€ 2,082,892",D,22,England,Manchester United,england,2021
Hal Robson-Kanu,"€ 34,754","€ 1,807,215","€ 2,082,892",F,31,Wales,West Bromwich,england,2021
Okay Yokuslu,"€ 34,309","€ 1,784,046","€ 2,056,189",M,26,Turkey,West Bromwich,england,2021
Amad Diallo,"€ 33,417","€ 1,737,707","€ 2,002,781",F,18,Cote d'Ivoire,Manchester United,england,2021
Jonas Lössl,"€ 32,526","€ 1,691,368","€ 1,949,374",K,31,Denmark,Everton,england,2021
Rhian Brewster,"€ 31,858","€ 1,656,614","€ 1,909,318",F,20,England,Sheffield United,england,2021
David McGoldrick,"€ 31,858","€ 1,656,614","€ 1,909,318",F,32,Ireland,Sheffield United,england,2021
Andi Zeqiri,"€ 30,700","€ 1,596,374","€ 1,839,888",F,21,Switzerland,Brighton,england,2021
Ahmed Hegazy,"€ 30,700","€ 1,596,374","€ 1,839,888",D,29,Egypt,West Bromwich,england,2021
Bernardo,"€ 28,962","€ 1,506,013","€ 1,735,744",D,25,Brazil,Brighton,england,2021
Neco Williams,"€ 28,962","€ 1,506,013","€ 1,735,744",D,19,Wales,Liverpool,england,2021
Lys Mousset,"€ 28,962","€ 1,506,013","€ 1,735,744",F,24,France,Sheffield United,england,2021
Lys Mousset,"€ 28,962","€ 1,506,013","€ 1,735,744",F,24,France,Sheffield United,england,2021
Ahmed Elmohamady,"€ 28,962","€ 1,506,013","€ 1,735,744",D,33,Egypt,Aston Villa,england,2021
Scott Carson,"€ 28,962","€ 1,506,013","€ 1,735,744",K,35,England,Manchester City,england,2021
Jack Clarke,"€ 28,962","€ 1,506,013","€ 1,735,744",F,19,England,Tottenham,england,2021
Japhet Tanganga,"€ 28,962","€ 1,506,013","€ 1,735,744",D,21,England,Tottenham,england,2021
Phil Bardsley,"€ 28,962","€ 1,506,013","€ 1,735,744",D,35,Scotland,Burnley,england,2021
Mohammed Salisu,"€ 28,962","€ 1,506,013","€ 1,735,744",D,21,Ghana,Southampton,england,2021
Mateusz Klich,"€ 28,962","€ 1,506,013","€ 1,735,744",M,30,Poland,Leeds,england,2021
Liam Cooper,"€ 28,962","€ 1,506,013","€ 1,735,744",D,29,Scotland,Leeds,england,2021
Jack Harrison,"€ 28,962","€ 1,506,013","€ 1,735,744",F,23,England,Leeds,england,2021
Tim Ream,"€ 28,962","€ 1,506,013","€ 1,735,744",D,33,United States,Fulham,england,2021
Maxime Le Marchand,"€ 28,962","€ 1,506,013","€ 1,735,744",D,31,France,Fulham,england,2021
Kamil Grosicki,"€ 28,962","€ 1,506,013","€ 1,735,744",F,32,Poland,West Bromwich,england,2021
Antonee Robinson,"€ 28,962","€ 1,506,013","€ 1,735,744",D,23,United States,Fulham,england,2021
Tom Davies,"€ 28,962","€ 1,506,013","€ 1,735,744",M,22,England,Everton,england,2021
Martin Kelly,"€ 28,962","€ 1,506,013","€ 1,735,744",D,30,England,Crystal Palace,england,2021
Nathan Ferguson,"€ 28,962","€ 1,506,013","€ 1,735,744",D,20,England,Crystal Palace,england,2021
Yves Bissouma,"€ 28,962","€ 1,506,013","€ 1,735,744",M,24,Mali,Brighton,england,2021
Jacob Murphy,"€ 28,962","€ 1,506,013","€ 1,735,744",F,25,England,Newcastle,england,2021
Charlie Taylor,"€ 28,962","€ 1,506,013","€ 1,735,744",D,27,England,Burnley,england,2021
Matthew Lowton,"€ 28,962","€ 1,506,013","€ 1,735,744",D,31,England,Burnley,england,2021
Ola Aina,"€ 27,803","€ 1,445,772","€ 1,666,314",D,24,Nigeria,Fulham,england,2021
Aaron Connolly,"€ 26,734","€ 1,390,166","€ 1,602,225",F,20,Ireland,Brighton,england,2021
Kevin Long,"€ 26,734","€ 1,390,166","€ 1,602,225",D,30,Ireland,Burnley,england,2021
Eldin Jakupovic,"€ 26,734","€ 1,390,166","€ 1,602,225",K,36,Switzerland,Leicester,england,2021
Mbaye Diagne,"€ 26,288","€ 1,366,996","€ 1,575,521",F,29,Senegal,West Bromwich,england,2021
Bailey Peacock-Farrell,"€ 26,066","€ 1,355,412","€ 1,562,169",K,23,Northern Ireland,Burnley,england,2021
Kenneth Zohore,"€ 26,066","€ 1,355,412","€ 1,562,169",F,27,Denmark,West Bromwich,england,2021
Cédric Kipré,"€ 26,066","€ 1,355,412","€ 1,562,169",D,23,France,West Bromwich,england,2021
Terence Kongolo,"€ 25,486","€ 1,325,291","€ 1,527,454",D,26,Netherlands,Fulham,england,2021
Kevin McDonald,"€ 25,486","€ 1,325,291","€ 1,527,454",M,31,Scotland,Fulham,england,2021
Romain Saïss,"€ 25,397","€ 1,320,657","€ 1,522,114",D,30,Morocco,Wolverhampton,england,2021
Isaac Hayden,"€ 25,397","€ 1,320,657","€ 1,522,114",M,25,England,Newcastle,england,2021
Harry Lewis,"€ 24,506","€ 1,274,319","€ 1,468,706",K,22,England,Southampton,england,2021
Grady Diangana,"€ 23,575","€ 1,225,894","€ 1,412,895",F,22,England,West Bromwich,england,2021
Oliver McBurnie,"€ 23,169","€ 1,204,810","€ 1,388,595",F,24,Scotland,Sheffield United,england,2021
Joe Willock,"€ 23,169","€ 1,204,810","€ 1,388,595",M,21,England,Arsenal,england,2021
Jed Steer,"€ 23,169","€ 1,204,810","€ 1,388,595",K,28,England,Aston Villa,england,2021
Adam Forshaw,"€ 23,169","€ 1,204,810","€ 1,388,595",M,29,England,Leeds,england,2021
Luke Ayling,"€ 23,169","€ 1,204,810","€ 1,388,595",D,29,England,Leeds,england,2021
Pascal Struijk,"€ 23,169","€ 1,204,810","€ 1,388,595",D,21,Netherlands,Leeds,england,2021
Daniel Amartey,"€ 23,169","€ 1,204,810","€ 1,388,595",M,25,Ghana,Leicester,england,2021
Oleksandr Zinchenko,"€ 23,169","€ 1,204,810","€ 1,388,595",D,23,Ukraine,Manchester City,england,2021
Facundo Pellistri,"€ 23,169","€ 1,204,810","€ 1,388,595",F,18,Uruguay,Manchester United,england,2021
Joe Willock,"€ 23,169","€ 1,204,810","€ 1,388,595",M,21,England,Newcastle,england,2021
Michael Verrips,"€ 23,169","€ 1,204,810","€ 1,388,595",K,23,Netherlands,Sheffield United,england,2021
Kyle Walker-Peters,"€ 23,169","€ 1,204,810","€ 1,388,595",D,23,England,Southampton,england,2021
Paulo Gazzaniga,"€ 23,169","€ 1,204,810","€ 1,388,595",K,28,Argentina,Tottenham,england,2021
Karlan Grant,"€ 23,169","€ 1,204,810","€ 1,388,595",F,23,England,West Bromwich,england,2021
Matt Phillips,"€ 23,169","€ 1,204,810","€ 1,388,595",F,29,Scotland,West Bromwich,england,2021
Ben Johnson,"€ 23,169","€ 1,204,810","€ 1,388,595",D,20,England,West Ham,england,2021
Wesley Fofana,"€ 22,278","€ 1,158,471","€ 1,335,187",D,19,France,Leicester,england,2021
Pablo Hernández,"€ 22,011","€ 1,144,570","€ 1,319,165",F,35,Spain,Leeds,england,2021
Michael Hector,"€ 21,432","€ 1,114,449","€ 1,284,450",D,28,Jamaica,Fulham,england,2021
Darnell Furlong,"€ 21,432","€ 1,114,449","€ 1,284,450",D,24,England,West Bromwich,england,2021
Nathan Bishop,"€ 21,164","€ 1,100,548","€ 1,268,428",K,21,England,Manchester United,england,2021
Sam McQueen,"€ 20,942","€ 1,088,963","€ 1,255,076",D,25,England,Southampton,england,2021
Jayson Molumby,"€ 20,050","€ 1,042,624","€ 1,201,669",M,21,Ireland,Brighton,england,2021
Will Smallbone,"€ 20,050","€ 1,042,624","€ 1,201,669",M,20,Ireland,Southampton,england,2021
Michael Obafemi,"€ 19,605","€ 1,019,455","€ 1,174,965",F,20,Ireland,Southampton,england,2021
Semi Ajayi,"€ 19,115","€ 993,968","€ 1,145,591",D,26,Nigeria,West Bromwich,england,2021
Jayden Bogle,"€ 19,115","€ 993,968","€ 1,145,591",D,20,England,Sheffield United,england,2021
Percy Tau,"€ 18,491","€ 961,531","€ 1,108,206",F,26,South Africa,Brighton,england,2021
Lovre Kalinic,"€ 18,202","€ 946,499","€ 1,090,880",K,30,Croatia,Aston Villa,england,2021
Frederik Alves,"€ 17,823","€ 926,777","€ 1,068,150",D,21,Denmark,West Ham,england,2021
Robin Olsen,"€ 17,667","€ 918,668","€ 1,058,804",K,30,Sweden,Everton,england,2021
Neeskens Kebano,"€ 17,377","€ 903,608","€ 1,041,446",F,28,Democratic Republic of the Congo,Fulham,england,2021
Reiss Nelson,"€ 17,377","€ 903,608","€ 1,041,446",F,20,England,Arsenal,england,2021
Moisés Caicedo,"€ 17,377","€ 903,608","€ 1,041,446",M,19,Ecuador,Brighton,england,2021
Aaron Ramsdale,"€ 17,377","€ 903,608","€ 1,041,446",K,22,England,Sheffield United,england,2021
Jonjoe Kenny,"€ 17,377","€ 903,608","€ 1,041,446",D,23,England,Everton,england,2021
Rolando Aarons,"€ 17,377","€ 903,608","€ 1,041,446",F,24,England,Newcastle,england,2021
Oliver Norwood,"€ 17,377","€ 903,608","€ 1,041,446",M,29,Northern Ireland,Sheffield United,england,2021
Rúnar Alex Rúnarsson,"€ 17,377","€ 903,608","€ 1,041,446",K,25,Iceland,Arsenal,england,2021
Achraf Lazaar,"€ 17,377","€ 903,608","€ 1,041,446",D,28,Morocco,Newcastle,england,2021
Stuart Dallas,"€ 17,377","€ 903,608","€ 1,041,446",D,29,Northern Ireland,Leeds,england,2021
Timothy Fosu-Mensah,"€ 17,377","€ 903,608","€ 1,041,446",D,22,Netherlands,Manchester United,england,2021
Ezgjan Alioski,"€ 17,377","€ 903,608","€ 1,041,446",M,28,North Macedonia,Leeds,england,2021
Emile Smith Rowe,"€ 17,377","€ 903,608","€ 1,041,446",F,20,England,Arsenal,england,2021
Filip Krovinovic,"€ 17,377","€ 903,608","€ 1,041,446",F,25,Croatia,West Bromwich,england,2021
Dan Burn,"€ 17,377","€ 903,608","€ 1,041,446",D,28,England,Brighton,england,2021
Jason Steele,"€ 17,377","€ 903,608","€ 1,041,446",K,30,England,Brighton,england,2021
Marek Rodak,"€ 17,377","€ 903,608","€ 1,041,446",K,23,Slovakia,Fulham,england,2021
Steven Alzate,"€ 17,377","€ 903,608","€ 1,041,446",M,22,Colombia,Brighton,england,2021
Fikayo Tomori,"€ 16,709","€ 868,854","€ 1,001,391",D,22,England,Chelsea,england,2021
Lee Peltier,"€ 15,639","€ 813,247","€ 937,302",D,33,England,West Bromwich,england,2021
Kyle Bartley,"€ 15,639","€ 813,247","€ 937,302",D,29,England,West Bromwich,england,2021
Jack Rodwell,"€ 15,292","€ 795,175","€ 916,473",M,29,England,Sheffield United,england,2021
Josh Maja,"€ 14,926","€ 776,176","€ 894,576",F,22,Nigeria,Fulham,england,2021
Aboubakar Kamara,"€ 14,481","€ 753,006","€ 867,872",F,25,France,Fulham,england,2021
Matthew Pennington,"€ 14,481","€ 753,006","€ 867,872",D,26,England,Everton,england,2021
Gaetano Berardi,"€ 14,481","€ 753,006","€ 867,872",D,32,Switzerland,Leeds,england,2021
Romaine Sawyers,"€ 14,481","€ 753,006","€ 867,872",M,28,St. Kitts & Nevis,West Bromwich,england,2021
Roderick Miranda,"€ 14,481","€ 753,006","€ 867,872",D,29,Portugal,Wolverhampton,england,2021
Nathan Tella,"€ 14,481","€ 753,006","€ 867,872",F,21,England,Southampton,england,2021
Billy Sharp,"€ 13,902","€ 722,886","€ 833,157",F,34,England,Sheffield United,england,2021
Eric García,"€ 13,813","€ 718,252","€ 827,816",D,19,Spain,Manchester City,england,2021
Ben Woodburn,"€ 13,813","€ 718,252","€ 827,816",F,21,Wales,Liverpool,england,2021
Michal Karbownik,"€ 13,590","€ 706,668","€ 814,464",D,19,Poland,Brighton,england,2021
Conor Townsend,"€ 13,322","€ 692,766","€ 798,442",D,27,England,West Bromwich,england,2021
Jack Robinson,"€ 12,743","€ 662,646","€ 763,727",D,27,England,Sheffield United,england,2021
Carlos Vinícius,"€ 12,030","€ 625,575","€ 721,001",F,25,Brazil,Tottenham,england,2021
Jakub Moder,"€ 11,585","€ 602,405","€ 694,297",M,21,Poland,Brighton,england,2021
Jack O'Connell,"€ 11,585","€ 602,405","€ 694,297",D,26,England,Sheffield United,england,2021
Mark Gillespie,"€ 11,585","€ 602,405","€ 694,297",K,28,England,Newcastle,england,2021
Tommy Doyle,"€ 11,585","€ 602,405","€ 694,297",M,19,England,Manchester City,england,2021
Curtis Jones,"€ 11,585","€ 602,405","€ 694,297",M,19,England,Liverpool,england,2021
Luke Thomas,"€ 11,585","€ 602,405","€ 694,297",D,19,England,Leicester,england,2021
James Justin,"€ 11,585","€ 602,405","€ 694,297",D,22,England,Leicester,england,2021
Harvey Barnes,"€ 11,585","€ 602,405","€ 694,297",M,22,England,Leicester,england,2021
Matt Macey,"€ 11,585","€ 602,405","€ 694,297",K,26,England,Arsenal,england,2021
Illan Meslier,"€ 11,585","€ 602,405","€ 694,297",K,20,France,Leeds,england,2021
Andy Lonergan,"€ 11,585","€ 602,405","€ 694,297",K,37,England,West Bromwich,england,2021
Stefan Johansen,"€ 11,585","€ 602,405","€ 694,297",M,29,Norway,Fulham,england,2021
Rekeem Harper,"€ 11,585","€ 602,405","€ 694,297",M,20,England,West Bromwich,england,2021
Anthony Gordon,"€ 11,585","€ 602,405","€ 694,297",F,19,England,Everton,england,2021
Robert Sánchez,"€ 11,585","€ 602,405","€ 694,297",K,22,Spain,Brighton,england,2021
Joe Rodon,"€ 11,139","€ 579,236","€ 667,594",D,22,Wales,Tottenham,england,2021
Chris Basham,"€ 10,850","€ 564,176","€ 650,236",D,32,England,Sheffield United,england,2021
Denis Odoi,"€ 10,310","€ 536,141","€ 617,925",D,32,Belgium,Fulham,england,2021
Oliver Burke,"€ 10,195","€ 530,117","€ 610,982",F,23,Scotland,Sheffield United,england,2021
Ian Poveda,"€ 9,557","€ 496,984","€ 572,795",F,20,England,Leeds,england,2021
Beni Baningime,"€ 9,357","€ 486,558","€ 560,779",M,22,Democratic Republic of the Congo,Everton,england,2021
John Fleck,"€ 9,357","€ 486,558","€ 560,779",M,29,Scotland,Sheffield United,england,2021
Kortney Hause,"€ 9,357","€ 486,558","€ 560,779",D,25,England,Aston Villa,england,2021
Christian Walton,"€ 9,268","€ 481,924","€ 555,438",K,24,England,Brighton,england,2021
Sam Field,"€ 9,268","€ 481,924","€ 555,438",M,22,England,West Bromwich,england,2021
David Martin,"€ 9,268","€ 481,924","€ 555,438",K,34,England,West Ham,england,2021
Callum Robinson,"€ 8,911","€ 463,389","€ 534,075",F,25,Ireland,West Bromwich,england,2021
Hamza Choudhury,"€ 8,689","€ 451,804","€ 520,723",M,23,England,Leicester,england,2021
Matthew Longstaff,"€ 8,689","€ 451,804","€ 520,723",M,20,England,Newcastle,england,2021
João Virgínia,"€ 8,689","€ 451,804","€ 520,723",K,21,Portugal,Everton,england,2021
Jacob Ramsey,"€ 8,689","€ 451,804","€ 520,723",F,19,England,Aston Villa,england,2021
John Egan,"€ 8,689","€ 451,804","€ 520,723",D,28,Ireland,Sheffield United,england,2021
Ethan Ampadu,"€ 8,689","€ 451,804","€ 520,723",D,20,Wales,Sheffield United,england,2021
Taylor Harwood-Bellis,"€ 8,689","€ 451,804","€ 520,723",D,18,England,Manchester City,england,2021
Stephen Henderson,"€ 8,020","€ 417,050","€ 480,667",K,32,Ireland,Crystal Palace,england,2021
Matheus Pereira,"€ 6,951","€ 361,443","€ 416,578",F,24,Brazil,West Bromwich,england,2021
Caoimhin Kelleher,"€ 6,906","€ 359,126","€ 413,908",K,21,Ireland,Liverpool,england,2021
Will Norris,"€ 6,683","€ 347,541","€ 400,556",K,27,England,Burnley,england,2021
John Ruddy,"€ 6,683","€ 347,541","€ 400,556",K,33,England,Wolverhampton,england,2021
Dejan Iliev,"€ 6,683","€ 347,541","€ 400,556",K,25,North Macedonia,Arsenal,england,2021
Jonathan Bond,"€ 6,372","€ 331,323","€ 381,864",K,27,England,West Bromwich,england,2021
Wes Foderingham,"€ 6,372","€ 331,323","€ 381,864",K,29,England,Sheffield United,england,2021
Jarrad Branthwaite,"€ 6,372","€ 331,323","€ 381,864",D,18,England,Everton,england,2021
Dwight McNeil,"€ 5,792","€ 301,203","€ 347,149",F,20,England,Burnley,england,2021
Conor Gallagher,"€ 5,792","€ 301,203","€ 347,149",M,20,England,West Bromwich,england,2021
Joe Gelhardt,"€ 5,792","€ 301,203","€ 347,149",F,18,England,Leeds,england,2021
Sepp van den Berg,"€ 5,792","€ 301,203","€ 347,149",D,18,Netherlands,Liverpool,england,2021
Billy Gilmour,"€ 5,792","€ 301,203","€ 347,149",M,19,Scotland,Chelsea,england,2021
Oskar Buur,"€ 5,792","€ 301,203","€ 347,149",D,22,Denmark,Wolverhampton,england,2021
Simon Moore,"€ 5,792","€ 301,203","€ 347,149",K,30,England,Sheffield United,england,2021
Karlo Ziger,"€ 5,570","€ 289,618","€ 333,797",K,19,Croatia,Chelsea,england,2021
Mace Goodridge,"€ 5,213","€ 271,082","€ 312,434",M,21,England,Burnley,england,2021
Niels Nkounkou,"€ 5,213","€ 271,082","€ 312,434",D,19,France,Everton,england,2021
Jake Vokins,"€ 5,213","€ 271,082","€ 312,434",D,20,England,Southampton,england,2021
Rayan Aït Nouri,"€ 5,213","€ 271,082","€ 312,434",D,19,France,Wolverhampton,england,2021
Max Lowe,"€ 5,097","€ 265,058","€ 305,491",D,23,England,Sheffield United,england,2021
David Button,"€ 5,079","€ 264,131","€ 304,423",K,31,England,West Bromwich,england,2021
Enda Stevens,"€ 4,678","€ 243,279","€ 280,389",D,30,Ireland,Sheffield United,england,2021
Ben Osborn,"€ 4,678","€ 243,279","€ 280,389",M,26,England,Sheffield United,england,2021
John Lundstram,"€ 4,678","€ 243,279","€ 280,389",M,26,England,Sheffield United,england,2021
George Baldock,"€ 4,678","€ 243,279","€ 280,389",D,27,England,Sheffield United,england,2021
Ouasim Bouy,"€ 4,634","€ 240,962","€ 277,719",M,27,Morocco,Leeds,england,2021
Dara O'Shea,"€ 4,634","€ 240,962","€ 277,719",D,21,Ireland,West Bromwich,england,2021
Tyler Roberts,"€ 4,055","€ 210,842","€ 243,004",F,21,Wales,Leeds,england,2021
Kean Bryan,"€ 3,565","€ 185,355","€ 213,630",D,23,England,Sheffield United,england,2021
Jimmy Dunne,"€ 3,475","€ 180,722","€ 208,289",D,23,Ireland,Burnley,england,2021
Alfie Whiteman,"€ 2,896","€ 150,601","€ 173,574",K,22,England,Tottenham,england,2021
Sam Woods,"€ 2,896","€ 150,601","€ 173,574",D,22,England,Crystal Palace,england,2021
Max Kilman,"€ 2,317","€ 120,481","€ 138,859",D,23,England,Wolverhampton,england,2021
Yan Valery,"€ 2,228","€ 115,847","€ 133,519",D,21,France,Southampton,england,2021
Vitinha,"€ 2,201","€ 114,457","€ 131,917",F,20,Portugal,Wolverhampton,england,2021
Rhys Williams,"€ 1,782","€ 92,678","€ 106,815",D,19,England,Liverpool,england,2021
Jamie Shackleton,"€ 1,738","€ 90,361","€ 104,145",M,21,England,Leeds,england,2021
Conor Shaughnessy,"€ 1,738","€ 90,361","€ 104,145",M,24,Ireland,Leeds,england,2021
Luke Matheson,"€ 1,738","€ 90,361","€ 104,145",D,18,England,Wolverhampton,england,2021
Kyle Edwards,"€ 1,738","€ 90,361","€ 104,145",F,22,England,West Bromwich,england,2021
Morgan Gibbs-White,"€ 1,738","€ 90,361","€ 104,145",M,21,England,Wolverhampton,england,2021
Owen Otasowie,"€ 1,738","€ 90,361","€ 104,145",M,20,United States,Wolverhampton,england,2021
Sylvester Jasper,"€ 1,738","€ 90,361","€ 104,145",F,19,England,Fulham,england,2021
Kyron Gordon,"€ 1,738","€ 90,361","€ 104,145",D,18,England,Sheffield United,england,2021
Dan N'Lundulu,"€ 1,559","€ 81,093","€ 93,463",F,21,England,Southampton,england,2021
Richard Nartey,"€ 1,448","€ 75,301","€ 86,787",D,22,England,Burnley,england,2021
Lukas Jensen,"€ 1,448","€ 75,301","€ 86,787",K,21,Denmark,Burnley,england,2021
Oliver Casey,"€ 1,390","€ 72,289","€ 83,316",D,20,England,Leeds,england,2021
Sean Longstaff,"€ 1,158","€ 60,241","€ 69,430",M,22,England,Newcastle,england,2021
Elia Caprile,"€ 1,158","€ 60,241","€ 69,430",K,19,Italy,Leeds,england,2021
Max Sanders,€ 956,"€ 49,698","€ 57,280",M,21,England,Brighton,england,2021
George Wickens,€ 869,"€ 45,180","€ 52,072",K,18,England,Fulham,england,2021
Jay Stansfield,€ 869,"€ 45,180","€ 52,072",F,17,England,Fulham,england,2021
Bobby Thomas,€ 869,"€ 45,180","€ 52,072",D,19,England,Burnley,england,2021
Leif Davis,€ 668,"€ 34,754","€ 40,056",D,20,England,Leeds,england,2021
Dan Langley,€ 579,"€ 30,120","€ 34,715",K,19,England,Newcastle,england,2021
Zak Brunt,€ 579,"€ 30,120","€ 34,715",M,18,England,Sheffield United,england,2021
Brandon Pierrick,€ 557,"€ 28,962","€ 33,380",F,18,England,Crystal Palace,england,2021
George Broadbent,€ 521,"€ 27,108","€ 31,243",M,20,England,Sheffield United,england,2021
