,,EST. BASE SALARY,EST. BASE SALARY,EST. BONUS,CONTRACT DETAILS,CONTRACT DETAILS,CONTRACT DETAILS,CONTRACT DETAILS,CONTRACT DETAILS,BIO,BIO,BIO,BIO,BIO,,,,data_country,data_season
PLAYER,,"GROSS P/W
(EUR)","GROSS P/Y
(EUR)","GROSS P/Y
(EUR)",SIGNED,EXPIRATION,YEARS REMAINING,"GROSS REMAINING
(EUR)","RELEASE CLAUSE
(EUR)",STATUS,POS.,POS.,AGE,COUNTRY,CLUB,ACTIVE,LOAN,,
Victor Osimhen,,"€ 360,577","€ 18,750,000","€ 1,250,000","Jul 31, 2025","Jun 30, 2029",4,"€ 75,000,000",,Starter,F,CF,27,Nigeria,Galatasaray,True,,turkey,2526
Ederson,,"€ 264,423","€ 13,750,000","€ 2,060,000","Sep 2, 2025","Jun 30, 2028",3,"€ 41,250,000",,Starter,K,GK,32,Brazil,Fenerbahce,True,,turkey,2526
Leroy Sané,,"€ 216,346","€ 11,250,000","€ 3,750,000","Jul 1, 2025","Jun 30, 2028",3,"€ 33,750,000",,Reserve,F,RW,30,Germany,Galatasaray,True,,turkey,2526
Marco Asensio,,"€ 192,308","€ 10,000,000","€ 2,500,000","Sep 1, 2025","May 30, 2028",2,"€ 20,000,000",,Starter,F,AM,30,Spain,Fenerbahce,True,,turkey,2526
Milan Škriniar,,"€ 192,308","€ 10,000,000","€ 1,500,000","Jul 30, 2025","Jun 30, 2029",4,"€ 40,000,000",,Reserve,D,CB,30,Slovakia,Fenerbahce,True,,turkey,2526
Mauro Icardi,,"€ 144,231","€ 7,500,000","€ 1,130,000","Jul 26, 2023","Jun 30, 2026",1,"€ 7,500,000",,Reserve,F,CF,32,Argentina,Galatasaray,True,,turkey,2526
Talisca,,"€ 132,308","€ 6,880,000","€ 1,030,000","Feb 8, 2026","Jun 30, 2028",3,"€ 20,640,000",,Starter,F,AM,32,Brazil,Fenerbahce,True,,turkey,2526
N'Golo Kanté,,"€ 132,308","€ 6,880,000","€ 1,030,000","Feb 2, 2026","Jun 30, 2028",3,"€ 20,640,000",,Reserve,M,DM,34,France,Fenerbahce,True,,turkey,2526
Orkun Kökçü,,"€ 120,192","€ 6,250,000","€ 940,000","Jul 11, 2025","Jun 30, 2030",5,"€ 31,250,000",,Starter,M,CM,25,Turkey,Besiktas,True,,turkey,2526
Wilfried Stephane Singo,,"€ 115,385","€ 6,000,000","€ 900,000","Aug 28, 2025","Jun 30, 2030",5,"€ 30,000,000",,Reserve,D,RB,25,Cote d'Ivoire,Galatasaray,True,,turkey,2526
Kerem Aktürkoğlu,,"€ 114,231","€ 5,940,000","€ 890,000","Sep 1, 2025","Jun 30, 2029",4,"€ 23,760,000",,Starter,F,LW,27,Turkey,Fenerbahce,True,,turkey,2526
Edson Álvarez,,"€ 108,269","€ 5,630,000","€ 840,000","Aug 23, 2025","Jun 30, 2026",1,"€ 5,630,000",,Reserve,M,DM,28,Mexico,Fenerbahce,True,,turkey,2526
İlkay Gündoğan,,"€ 108,269","€ 5,630,000","€ 840,000","Sep 2, 2025","Jun 30, 2027",2,"€ 11,260,000",,Reserve,M,CM,35,Germany,Galatasaray,True,,turkey,2526
Mattéo Guendouzi,,"€ 108,269","€ 5,630,000","€ 630,000","Jan 8, 2026","Jun 30, 2030",5,"€ 28,150,000",,Starter,M,CM,26,France,Fenerbahce,True,,turkey,2526
Davinson Sánchez,,"€ 108,269","€ 5,630,000","€ 840,000","Aug 15, 2025","Jun 30, 2029",4,"€ 22,520,000",,Starter,D,CB,29,Colombia,Galatasaray,True,,turkey,2526
Fred,,"€ 100,962","€ 5,250,000","€ 790,000","Aug 13, 2023","Jun 30, 2027",2,"€ 10,500,000",,Reserve,M,CM,32,Brazil,Fenerbahce,True,,turkey,2526
Lucas Torreira,,"€ 96,154","€ 5,000,000","€ 630,000","Apr 17, 2025","Jun 30, 2028",3,"€ 15,000,000",,Starter,M,DM,29,Uruguay,Galatasaray,True,,turkey,2526
Nélson Semedo,,"€ 84,231","€ 4,380,000","€ 1,880,000","Jul 30, 2025","Jun 30, 2027",2,"€ 8,760,000",,Starter,D,RB,32,Portugal,Fenerbahce,True,,turkey,2526
Stefan Savic,,"€ 76,923","€ 4,000,000","€ 600,000","Jul 26, 2024","Jun 30, 2027",2,"€ 8,000,000",,Reserve,D,CB,35,Montenegro,Trabzonspor,True,,turkey,2526
Baris Yilmaz,,"€ 72,115","€ 3,750,000","€ 3,750,000","Jul 29, 2025","Jun 30, 2028",3,"€ 11,250,000",,Starter,F,LW,25,Turkey,Galatasaray,True,,turkey,2526
André Onana,,"€ 72,115","€ 3,750,000","€ 1,880,000","Sep 11, 2025","Jun 30, 2026",1,"€ 3,750,000",,Starter,K,GK,29,Cameroon,Trabzonspor,True,,turkey,2526
Gabriel Sara,,"€ 66,154","€ 3,440,000","€ 520,000","Aug 4, 2024","Jun 30, 2029",4,"€ 13,760,000",,Starter,M,CM,26,Brazil,Galatasaray,True,,turkey,2526
Vaclav Cerny,,"€ 60,192","€ 3,130,000","€ 780,000","Sep 2, 2025","Jun 30, 2028",3,"€ 9,390,000",,Starter,F,RW,28,Czech Republic,Besiktas,True,,turkey,2526
Mario Lemina,,"€ 60,192","€ 3,130,000","€ 470,000","Feb 5, 2025","Jun 30, 2026",1,"€ 3,130,000",,Reserve,M,DM,32,Gabon,Galatasaray,True,,turkey,2526
Roland Sallai,,"€ 60,192","€ 3,130,000","€ 470,000","Sep 13, 2024","Jun 30, 2028",3,"€ 9,390,000",,Starter,D,RB,28,Hungary,Galatasaray,True,,turkey,2526
Wilfred Ndidi,,"€ 60,192","€ 3,130,000","€ 780,000","Aug 7, 2025","Jun 30, 2028",3,"€ 9,390,000",,Starter,M,DM,29,Nigeria,Besiktas,True,,turkey,2526
Yunus Akgün,,"€ 60,192","€ 3,130,000","€ 630,000","Aug 5, 2025","Jun 30, 2029",4,"€ 12,520,000",,Starter,F,AM,25,Turkey,Galatasaray,True,,turkey,2526
Uğurcan Çakır,,"€ 55,385","€ 2,880,000","€ 430,000","Sep 1, 2025","Jun 30, 2030",5,"€ 14,400,000",,Starter,K,GK,29,Turkey,Galatasaray,True,,turkey,2526
Ismail Jakobs,,"€ 50,577","€ 2,630,000","€ 390,000","Jul 1, 2025","Jun 30, 2027",2,"€ 5,260,000",,Starter,D,LB,26,Senegal,Galatasaray,True,,turkey,2526
Cengiz Ünder,,"€ 48,077","€ 2,500,000","€ 380,000","Sep 8, 2025","Jun 30, 2026",1,"€ 2,500,000",,Starter,F,RW,28,Turkey,Besiktas,True,,turkey,2526
Miguel Crespo,,"€ 48,077","€ 2,500,000","€ 630,000","Aug 22, 2024","Jun 30, 2027",2,"€ 5,000,000",,Reserve,M,CM,29,Portugal,Basaksehir,True,,turkey,2526
Paul Onuachu,,"€ 48,077","€ 2,500,000","€ 380,000","Jul 1, 2025","Jun 30, 2028",3,"€ 7,500,000",,Starter,F,CF,31,Nigeria,Trabzonspor,True,,turkey,2526
Diego Carlos,,"€ 48,077","€ 2,500,000","€ 630,000","Jan 23, 2025","Jun 30, 2028",3,"€ 7,500,000",,Reserve,D,CB,32,Brazil,Fenerbahce,False,,turkey,2526
Çağlar Söyüncü,,"€ 48,077","€ 2,500,000","€ 630,000","Jul 1, 2024","Jun 30, 2027",2,"€ 5,000,000",,Starter,D,CB,29,Turkey,Fenerbahce,True,,turkey,2526
Tiago Djaló,,"€ 48,077","€ 2,500,000","€ 630,000","Aug 27, 2025","Jun 30, 2028",3,"€ 7,500,000",,Reserve,D,CB,25,Portugal,Besiktas,True,,turkey,2526
Milot Rashica,,"€ 48,077","€ 2,500,000","€ 380,000","Aug 16, 2023","Jun 30, 2027",2,"€ 5,000,000",,Reserve,F,RW,29,Kosovo,Besiktas,True,,turkey,2526
Michael Murillo,,"€ 48,077","€ 2,500,000","€ 630,000","Feb 6, 2026","Jun 30, 2028",3,"€ 7,500,000",,Reserve,D,RB,29,Panama,Besiktas,True,,turkey,2526
Emmanuel Agbadou,,"€ 48,077","€ 2,500,000","€ 630,000","Feb 6, 2026","Jun 30, 2030",5,"€ 12,500,000",,Starter,D,CB,28,Cote d'Ivoire,Besiktas,True,,turkey,2526
Ernest Muci,,"€ 43,269","€ 2,250,000","€ 340,000","Sep 6, 2025","Jun 30, 2026",1,"€ 2,250,000",,Starter,F,AM,24,Albania,Trabzonspor,True,,turkey,2526
Cengiz Ünder,,"€ 43,269","€ 2,250,000","€ 340,000","Aug 13, 2023","Jun 30, 2027",2,"€ 4,500,000",,Reserve,F,RW,27,Turkey,Fenerbahce,False,,turkey,2526
Noa Lang,,"€ 42,115","€ 2,190,000","€ 330,000","Jan 23, 2026","Jun 30, 2026",1,"€ 2,190,000",,Starter,F,LW,26,Netherlands,Galatasaray,True,,turkey,2526
Sacha Boey,,"€ 42,115","€ 2,190,000","€ 330,000","Feb 5, 2026","Jun 30, 2026",1,"€ 2,190,000",,Reserve,D,RB,25,France,Galatasaray,True,,turkey,2526
Felix Uduokhai,,"€ 40,962","€ 2,130,000","€ 320,000","Jul 1, 2025","Jun 30, 2027",2,"€ 4,260,000",,Reserve,D,CB,28,Germany,Besiktas,True,,turkey,2526
Mert Günok,,"€ 36,154","€ 1,880,000","€ 470,000","Jan 6, 2026","Jun 30, 2028",3,"€ 5,640,000",,Reserve,K,GK,36,Turkey,Fenerbahce,True,,turkey,2526
Anthony Nwakaeme,,"€ 36,154","€ 1,880,000","€ 280,000","Jul 1, 2024","Jun 30, 2026",1,"€ 1,880,000",,Reserve,F,LW,36,Nigeria,Trabzonspor,True,,turkey,2526
Edin Visca,,"€ 36,154","€ 1,880,000","€ 280,000","Jan 23, 2025","Jun 30, 2026",1,"€ 1,880,000",,Reserve,F,RW,35,Bosnia-Herzegovina,Trabzonspor,True,,turkey,2526
Archie Brown,,"€ 36,154","€ 1,880,000","€ 280,000","Jul 12, 2025","Jun 30, 2028",3,"€ 5,640,000","€ 23,000,000",Reserve,D,LB,23,England,Fenerbahce,True,,turkey,2526
Kaan Ayhan,,"€ 36,154","€ 1,880,000","€ 280,000","Apr 30, 2025","Jun 30, 2028",3,"€ 5,640,000",,Reserve,M,DM,31,Turkey,Galatasaray,True,,turkey,2526
El Bilal Touré,,"€ 36,154","€ 1,880,000","€ 280,000","Aug 26, 2025","Jun 30, 2026",1,"€ 1,880,000",,Reserve,F,LW,24,Mali,Besiktas,True,,turkey,2526
Jayden Oosterwolde,,"€ 36,154","€ 1,880,000","€ 280,000","Jul 8, 2025","Jun 30, 2028",3,"€ 5,640,000",,Starter,D,CB,24,Netherlands,Fenerbahce,True,,turkey,2526
Oleksandr Zubkov,,"€ 34,808","€ 1,810,000","€ 270,000","Feb 3, 2025","Jun 30, 2029",4,"€ 7,240,000",,Reserve,F,RW,29,Ukraine,Trabzonspor,True,,turkey,2526
Steve Mounié,,"€ 33,654","€ 1,750,000","€ 440,000","Sep 12, 2025","Jun 30, 2026",1,"€ 1,750,000",,Reserve,F,CF,31,Benin,Alanyaspor,True,,turkey,2526
Anthony Musaba,,"€ 33,654","€ 1,750,000","€ 440,000","Jan 2, 2026","Jun 30, 2030",5,"€ 8,750,000",,Reserve,F,RW,25,Netherlands,Fenerbahce,True,,turkey,2526
Ahmed Kutucu,,"€ 32,500","€ 1,690,000","€ 250,000","Jan 23, 2025","Jun 30, 2028",3,"€ 5,070,000",,Reserve,F,LW,25,Turkey,Galatasaray,True,,turkey,2526
Okay Yokuşlu,,"€ 32,500","€ 1,690,000","€ 250,000","Jul 31, 2024","Jun 30, 2027",2,"€ 3,380,000",,Reserve,M,DM,31,Turkey,Trabzonspor,True,,turkey,2526
Ozan Tufan,,"€ 32,500","€ 1,690,000","€ 250,000","Jul 1, 2024","Jun 30, 2027",2,"€ 3,380,000",,Reserve,M,CM,30,Turkey,Trabzonspor,True,,turkey,2526
Abdülkadir Ömür,,"€ 31,346","€ 1,630,000","€ 410,000","Jul 23, 2025","Jun 30, 2026",1,"€ 1,630,000",,Reserve,F,AM,26,Turkey,Antalyaspor,True,,turkey,2526
Amine Harit,,"€ 31,154","€ 1,620,000","€ 410,000","Sep 12, 2025","Jun 30, 2026",1,"€ 1,620,000",,Starter,F,LW,28,Morocco,Basaksehir,True,,turkey,2526
Berat Özdemir,,"€ 31,154","€ 1,620,000","€ 410,000","Jul 1, 2025","Jun 30, 2027",2,"€ 3,240,000",,Reserve,M,DM,27,Turkey,Basaksehir,True,,turkey,2526
Halil Dervişoğlu,,"€ 30,769","€ 1,600,000","€ 240,000","Jul 8, 2025","Jun 30, 2026",1,"€ 1,600,000",,Reserve,F,CF,26,Turkey,Caykur Rizespor,True,,turkey,2526
Emre Mor,,"€ 30,000","€ 1,560,000","€ 230,000","Jul 2, 2022","Jun 30, 2026",1,"€ 1,560,000",,Reserve,F,RW,28,Turkey,Fenerbahce,True,,turkey,2526
Al Musrati,,"€ 30,000","€ 1,560,000","€ 230,000","Jul 1, 2024","Jun 30, 2027",2,"€ 3,120,000",,Reserve,M,DM,29,Libya,Besiktas,False,,turkey,2526
Yáser Asprilla,,"€ 28,846","€ 1,500,000","€ 230,000","Jan 25, 2026","Jun 30, 2026",1,"€ 1,500,000",,Reserve,F,RW,22,Colombia,Galatasaray,True,,turkey,2526
Mert Müldür,,"€ 28,846","€ 1,500,000","€ 230,000","Aug 2, 2023","Jun 30, 2027",2,"€ 3,000,000",,Starter,D,RB,26,Turkey,Fenerbahce,True,,turkey,2526
Jota Silva,,"€ 28,846","€ 1,500,000","€ 380,000","Sep 12, 2025","Jun 30, 2026",1,"€ 1,500,000",,Reserve,F,LW,26,Portugal,Besiktas,True,,turkey,2526
Evren Eren Elmali,,"€ 28,846","€ 1,500,000","€ 230,000","Feb 11, 2025","Jun 30, 2028",3,"€ 4,500,000",,Reserve,D,LB,25,Turkey,Galatasaray,True,,turkey,2526
Jackson Muleka,,"€ 26,538","€ 1,380,000","€ 210,000","Aug 20, 2025","Jun 30, 2027",2,"€ 2,760,000",,Starter,F,CF,26,Democratic Republic of the Congo,Konyaspor,True,,turkey,2526
Diogo Gonçalves,,"€ 26,538","€ 1,380,000","€ 350,000","Feb 5, 2026","Jun 30, 2028",3,"€ 4,140,000",,Reserve,F,LW,29,Portugal,Konyaspor,True,,turkey,2526
Eldor Shomurodov,,"€ 24,038","€ 1,250,000","€ 190,000","Jul 10, 2025","Jun 30, 2026",1,"€ 1,250,000",,Starter,F,CF,30,Uzbekistan,Basaksehir,True,,turkey,2526
Wagner Pina,,"€ 24,038","€ 1,250,000","€ 190,000","Jul 1, 2025","Jun 30, 2029",4,"€ 5,000,000",,Starter,D,RB,23,Cape Verde,Trabzonspor,True,,turkey,2526
Felipe Augusto,,"€ 24,038","€ 1,250,000","€ 190,000","Jul 12, 2025","Jun 30, 2029",4,"€ 5,000,000",,Starter,F,CF,21,Brazil,Trabzonspor,True,,turkey,2526
Benjamin Bouchouari,,"€ 24,038","€ 1,250,000","€ 190,000","Sep 4, 2025","Jun 30, 2028",3,"€ 3,750,000",,Reserve,M,CM,24,Morocco,Trabzonspor,True,,turkey,2526
Léo Duarte,,"€ 24,038","€ 1,250,000","€ 310,000","Jul 8, 2022","Jun 30, 2026",1,"€ 1,250,000",,Starter,D,CB,29,Brazil,Basaksehir,True,,turkey,2526
Hyeon-gyu Oh,,"€ 24,038","€ 1,250,000","€ 310,000","Feb 4, 2026","Jun 30, 2029",4,"€ 5,000,000",,Starter,F,CF,24,South Korea,Besiktas,True,,turkey,2526
Rıdvan Yılmaz,,"€ 24,038","€ 1,250,000","€ 310,000","Aug 23, 2025","Jun 30, 2028",3,"€ 3,750,000",,Starter,D,LB,24,Turkey,Besiktas,True,,turkey,2526
Ali Sowe,,"€ 24,038","€ 1,250,000","€ 310,000","Jul 17, 2025","Jun 30, 2028",3,"€ 3,750,000",,Starter,F,CF,31,The Gambia,Caykur Rizespor,True,,turkey,2526
Bruno Petkovic,,"€ 24,038","€ 1,250,000","€ 630,000","Jul 16, 2025","Jun 30, 2027",2,"€ 2,500,000",,Starter,F,CF,31,Croatia,Kocaelispor,True,,turkey,2526
Samet Akaydin,,"€ 24,038","€ 1,250,000","€ 310,000","Jan 24, 2025","Jun 30, 2026",1,"€ 1,250,000",,Starter,D,CB,31,Turkey,Caykur Rizespor,True,,turkey,2526
Fedor Chalov,,"€ 24,038","€ 1,250,000","€ 310,000","Feb 4, 2026","Jun 30, 2026",1,"€ 1,250,000",,Starter,F,CF,27,Russia,Kayserispor,True,,turkey,2526
Dorgeles Nene,,"€ 24,038","€ 1,250,000","€ 380,000","Aug 19, 2025","Jun 30, 2030",5,"€ 6,250,000",,Starter,F,RW,23,Mali,Fenerbahce,True,,turkey,2526
Alexandru Maxim,,"€ 22,308","€ 1,160,000","€ 290,000","May 26, 2025","Jun 30, 2026",1,"€ 1,160,000",,Starter,F,AM,35,Romania,Gaziantep BB,True,,turkey,2526
Guilherme,,"€ 22,115","€ 1,150,000","€ 290,000","Jun 1, 2024","Jun 30, 2026",1,"€ 1,150,000",,Starter,D,LB,35,Brazil,Konyaspor,True,,turkey,2526
Enis Bardhi,,"€ 22,115","€ 1,150,000","€ 290,000","Jul 12, 2025","Jun 30, 2027",2,"€ 2,300,000",,Starter,F,AM,30,North Macedonia,Konyaspor,True,,turkey,2526
Onur Bulut,,"€ 21,731","€ 1,130,000","€ 280,000","Jul 1, 2025","Jun 30, 2027",2,"€ 2,260,000",,Reserve,D,RB,31,Turkey,Basaksehir,True,,turkey,2526
Rodrigo Becão,,"€ 21,731","€ 1,130,000","€ 170,000","Jul 20, 2023","Jun 30, 2028",3,"€ 3,390,000",,Reserve,D,CB,30,Brazil,Fenerbahce,False,,turkey,2526
Rodrigo Becão,,"€ 21,731","€ 1,130,000","€ 170,000","Jan 15, 2026","Jun 30, 2026",1,"€ 1,130,000",,Starter,D,CB,30,Brazil,Kasimpasa,True,,turkey,2526
Olivier Ntcham,,"€ 21,731","€ 1,130,000","€ 280,000","Aug 7, 2023","Jun 30, 2026",1,"€ 1,130,000",,Starter,M,CM,29,Cameroon,Samsunspor,True,,turkey,2526
Ivo Grbic,,"€ 21,731","€ 1,130,000","€ 280,000","Aug 6, 2025","Jun 30, 2026",1,"€ 1,130,000",,Starter,K,GK,30,Croatia,Karagumrukspor,True,,turkey,2526
Ousseynou Ba,,"€ 21,731","€ 1,130,000","€ 280,000","Jul 13, 2024","Jun 30, 2027",2,"€ 2,260,000",,Reserve,D,CB,30,Senegal,Basaksehir,True,,turkey,2526
Kristjan Asllani,,"€ 20,962","€ 1,090,000","€ 270,000","Jan 30, 2026","Jun 30, 2026",1,"€ 1,090,000",,Reserve,M,DM,23,Albania,Besiktas,True,,turkey,2526
Davie Selke,,"€ 20,385","€ 1,060,000","€ 270,000","Jul 11, 2025","Jun 30, 2027",2,"€ 2,120,000",,Starter,F,CF,31,Germany,Basaksehir,True,,turkey,2526
Rayyan Baniya,,"€ 20,385","€ 1,060,000","€ 270,000","Feb 4, 2026","Jun 30, 2030",5,"€ 5,300,000",,Reserve,D,CB,26,Turkey,Konyaspor,True,,turkey,2526
Yahia Fofana,,"€ 20,385","€ 1,060,000","€ 270,000","Sep 2, 2025","Jun 30, 2028",3,"€ 3,180,000",,Starter,K,GK,25,Cote d'Ivoire,Caykur Rizespor,True,,turkey,2526
László Bénes,,"€ 20,385","€ 1,060,000","€ 270,000","Aug 16, 2025","Jun 30, 2026",1,"€ 1,060,000",,Starter,M,CM,28,Slovakia,Kayserispor,True,,turkey,2526
Cherif Ndiaye,,"€ 20,385","€ 1,060,000","€ 270,000","Sep 12, 2025","Jun 30, 2029",4,"€ 4,240,000",,Starter,F,CF,30,Senegal,Samsunspor,True,,turkey,2526
Salih Uçan,,"€ 19,808","€ 1,030,000","€ 150,000","Jun 28, 2024","Jun 30, 2026",1,"€ 1,030,000",,Reserve,M,CM,32,Turkey,Besiktas,True,,turkey,2526
Attila Szalai,,"€ 19,231","€ 1,000,000","€ 250,000","Jul 11, 2025","Jun 30, 2026",1,"€ 1,000,000",,Reserve,D,CB,27,Hungary,Kasimpasa,False,,turkey,2526
Mohamed Bayo,,"€ 19,231","€ 1,000,000","€ 150,000","Aug 31, 2025","Jun 30, 2026",1,"€ 1,000,000",,Starter,F,CF,27,Guinea,Gaziantep BB,True,,turkey,2526
Oğuz Aydın,,"€ 19,231","€ 1,000,000","€ 150,000","Jul 15, 2024","Jun 30, 2028",3,"€ 3,000,000",,Reserve,F,LW,25,Turkey,Fenerbahce,True,,turkey,2526
Antoine Makoumbou,,"€ 19,231","€ 1,000,000","€ 250,000","Jul 2, 2025","Jun 30, 2029",4,"€ 4,000,000",,Starter,M,DM,27,Congo,Samsunspor,True,,turkey,2526
Taylan Bulut,,"€ 19,231","€ 1,000,000","€ 150,000","Aug 16, 2025","Jun 30, 2030",5,"€ 5,000,000",,Reserve,D,RB,20,Germany,Besiktas,True,,turkey,2526
Cenk Tosun,,"€ 18,077","€ 940,000","€ 240,000","Jan 15, 2026","Jun 30, 2026",1,"€ 940,000",,Starter,F,CF,34,Turkey,Kasimpasa,True,,turkey,2526
Abdülkerim Bardakcı,,"€ 18,077","€ 940,000","€ 240,000","Jun 2, 2025","Jun 30, 2027",2,"€ 1,880,000",,Starter,D,CB,31,Turkey,Galatasaray,True,,turkey,2526
İrfan Can Kahveci,,"€ 18,077","€ 940,000","€ 140,000","Jan 12, 2025","Jun 30, 2028",3,"€ 2,820,000",,Reserve,F,AM,30,Turkey,Fenerbahce,False,,turkey,2526
Nicolò Zaniolo,,"€ 18,077","€ 940,000","€ 140,000","Feb 8, 2023","Jun 30, 2027",2,"€ 1,880,000",,Reserve,F,AM,26,Italy,Galatasaray,False,,turkey,2526
İrfan Can Kahveci,,"€ 18,077","€ 940,000","€ 140,000","Jan 8, 2026","Jun 30, 2026",1,"€ 940,000",,Starter,F,AM,30,Turkey,Kasimpasa,True,,turkey,2526
Florent Hadergjonaj,,"€ 17,308","€ 900,000","€ 230,000","Jul 9, 2025","Jun 30, 2027",2,"€ 1,800,000",,Starter,M,RM,31,Kosovo,Alanyaspor,True,,turkey,2526
German Onugkha,,"€ 16,923","€ 880,000","€ 220,000","Sep 12, 2025","Jun 30, 2027",2,"€ 1,760,000",,Reserve,F,CF,29,Russia,Kayserispor,True,,turkey,2526
Ricardo Esgaio,,"€ 16,923","€ 880,000","€ 220,000","Sep 1, 2025","Jun 30, 2027",2,"€ 1,760,000",,Starter,D,RB,32,Portugal,Karagumrukspor,True,,turkey,2526
Igor Lichnovsky,,"€ 16,923","€ 880,000","€ 220,000","Feb 5, 2026","Jun 30, 2027",2,"€ 1,760,000",,Starter,D,CB,31,Chile,Karagumrukspor,True,,turkey,2526
Ersin Destanoğlu,,"€ 16,923","€ 880,000","€ 130,000","Oct 1, 2022","Jun 30, 2026",1,"€ 880,000",,Starter,K,GK,25,Turkey,Besiktas,True,,turkey,2526
Umut Bozok,,"€ 16,923","€ 880,000","€ 220,000","Feb 3, 2025","Jun 30, 2026",1,"€ 880,000",,Starter,F,CF,29,Turkey,Eyupspor,True,,turkey,2526
Kerem Demirbay,,"€ 16,923","€ 880,000","€ 380,000","Jan 15, 2026","Jun 30, 2029",4,"€ 3,520,000",,Starter,M,CM,32,Germany,Kasimpasa,True,,turkey,2526
Günay Güvenç,,"€ 16,923","€ 880,000","€ 130,000","Aug 15, 2025","Jun 30, 2028",3,"€ 2,640,000",,Reserve,K,GK,34,Turkey,Galatasaray,True,,turkey,2526
Karol Linetty,,"€ 16,923","€ 880,000","€ 220,000","Aug 14, 2025","Jun 30, 2026",1,"€ 880,000",,Reserve,M,CM,31,Poland,Kocaelispor,True,,turkey,2526
Sékou Koïta,,"€ 16,923","€ 880,000","€ 220,000","Aug 19, 2025","Jun 30, 2026",1,"€ 880,000",,Starter,F,SS,26,Mali,Genclerbirligi SK,True,,turkey,2526
Berkay Özcan,,"€ 16,923","€ 880,000","€ 220,000","Jul 30, 2025","Jun 30, 2026",1,"€ 880,000",,Starter,M,CM,27,Turkey,Karagumrukspor,True,,turkey,2526
Tim Jabol-Folcarelli,,"€ 16,923","€ 880,000","€ 130,000","Feb 11, 2025","Jun 30, 2029",4,"€ 3,520,000",,Starter,M,CM,26,France,Trabzonspor,True,,turkey,2526
Stefano Denswil,,"€ 16,923","€ 880,000","€ 220,000","Aug 8, 2025","Jun 30, 2026",1,"€ 880,000",,Starter,D,CB,32,Suriname,Kayserispor,True,,turkey,2526
Ertuğrul Taşkıran,,"€ 15,962","€ 830,000","€ 210,000","Sep 5, 2024","Jun 30, 2026",1,"€ 830,000",,Reserve,K,GK,36,Turkey,Alanyaspor,True,,turkey,2526
Mustafa Eskihellaç,,"€ 15,962","€ 830,000","€ 120,000","Feb 7, 2025","Jun 30, 2027",2,"€ 1,660,000",,Starter,D,LB,28,Turkey,Trabzonspor,True,,turkey,2526
Kazeem Olaigbe,,"€ 15,577","€ 810,000","€ 120,000","Feb 4, 2026","Jun 30, 2026",1,"€ 810,000",,Starter,F,LW,23,Belgium,Konyaspor,True,,turkey,2526
Giannis Papanikolaou,,"€ 15,577","€ 810,000","€ 200,000","Jul 1, 2024","Jun 30, 2027",2,"€ 1,620,000",,Reserve,M,DM,27,Greece,Caykur Rizespor,True,,turkey,2526
Kazeem Olaigbe,,"€ 15,577","€ 810,000","€ 120,000","Aug 7, 2025","Jun 30, 2030",5,"€ 4,050,000",,Reserve,F,LW,23,Belgium,Trabzonspor,False,,turkey,2526
Güven Yalçın,,"€ 15,577","€ 810,000","€ 200,000","Jul 16, 2025","Jun 30, 2028",3,"€ 2,430,000",,Starter,F,CF,27,Turkey,Alanyaspor,True,,turkey,2526
Daniele Verde,,"€ 15,577","€ 810,000","€ 200,000","Feb 6, 2026","Jun 30, 2026",1,"€ 810,000",,Reserve,F,RW,29,Italy,Karagumrukspor,True,,turkey,2526
Yusuf Sarı,,"€ 15,577","€ 810,000","€ 200,000","Jan 13, 2025","Jun 30, 2028",3,"€ 2,430,000",,Reserve,F,RW,27,Turkey,Basaksehir,True,,turkey,2526
Meschack Elia,,"€ 15,577","€ 810,000","€ 200,000","Sep 12, 2025","Jun 30, 2028",3,"€ 2,430,000",,Reserve,F,CF,28,Democratic Republic of the Congo,Alanyaspor,True,,turkey,2526
Myenty Abena,,"€ 15,577","€ 810,000","€ 200,000","Jul 1, 2025","Jun 30, 2027",2,"€ 1,620,000",,Reserve,D,CB,31,Suriname,Gaziantep BB,True,,turkey,2526
Ianis Hagi,,"€ 15,577","€ 810,000","€ 200,000","Sep 5, 2025","Jun 30, 2027",2,"€ 1,620,000",,Starter,F,AM,27,Romania,Alanyaspor,True,,turkey,2526
Hrvoje Smolcic,,"€ 15,577","€ 810,000","€ 200,000","Sep 6, 2025","Jun 30, 2026",1,"€ 810,000",,Starter,D,CB,25,Croatia,Kocaelispor,True,,turkey,2526
Lautaro Giannetti,,"€ 15,385","€ 800,000","€ 200,000","Aug 13, 2025","Jun 30, 2027",2,"€ 1,600,000",,Reserve,D,CB,32,Argentina,Antalyaspor,True,,turkey,2526
Gökhan Sazdağı,,"€ 15,000","€ 780,000","€ 120,000","Sep 8, 2025","Jun 30, 2027",2,"€ 1,560,000",,Starter,D,RB,31,Turkey,Besiktas,True,,turkey,2526
Denis Makarov,,"€ 14,423","€ 750,000","€ 190,000","Jan 26, 2026","Jun 30, 2026",1,"€ 750,000",,Reserve,F,RW,27,Russia,Kayserispor,True,,turkey,2526
Taylan Antalyalı,,"€ 14,423","€ 750,000","€ 190,000","Aug 20, 2025","Jun 30, 2027",2,"€ 1,500,000",,Starter,M,CM,31,Turkey,Caykur Rizespor,True,,turkey,2526
Calegari,,"€ 14,423","€ 750,000","€ 190,000","Aug 1, 2025","Jun 30, 2027",2,"€ 1,500,000",,Reserve,D,RB,23,Brazil,Eyupspor,True,,turkey,2526
Muhammed Şengezer,,"€ 14,423","€ 750,000","€ 190,000","Aug 20, 2025","Jun 30, 2028",3,"€ 2,250,000",,Starter,K,GK,29,Turkey,Basaksehir,True,,turkey,2526
Qazim Laci,,"€ 14,423","€ 750,000","€ 190,000","Jul 20, 2025","Jun 30, 2028",3,"€ 2,250,000",,Starter,M,CM,30,Albania,Caykur Rizespor,True,,turkey,2526
Burak Kapacak,,"€ 14,423","€ 750,000","€ 110,000","Jan 9, 2026","Jun 30, 2026",1,"€ 750,000",,Reserve,D,RB,26,Turkey,Kayserispor,True,,turkey,2526
Juan,,"€ 14,423","€ 750,000","€ 190,000","Aug 25, 2025","Jun 30, 2029",4,"€ 3,000,000",,Starter,F,CF,23,Brazil,Goztepe,True,,turkey,2526
Bertuğ Yıldırım,,"€ 14,423","€ 750,000","€ 190,000","Sep 12, 2025","Jun 30, 2029",4,"€ 3,000,000",,Reserve,F,CF,23,Turkey,Basaksehir,True,,turkey,2526
Christopher Operi,,"€ 14,423","€ 750,000","€ 190,000","Jan 13, 2025","Jun 30, 2027",2,"€ 1,500,000",,Starter,D,LB,28,Cote d'Ivoire,Basaksehir,True,,turkey,2526
Ui-jo Hwang,,"€ 14,423","€ 750,000","€ 190,000","Jul 11, 2025","Jun 30, 2027",2,"€ 1,500,000",,Starter,F,AM,33,South Korea,Alanyaspor,True,,turkey,2526
Fousseni Diabaté,,"€ 14,423","€ 750,000","€ 190,000","Sep 8, 2025","Jun 30, 2027",2,"€ 1,500,000",,Reserve,F,RW,30,Mali,Kasimpasa,True,,turkey,2526
Kévin Rodrigues,,"€ 14,423","€ 750,000","€ 190,000","Jul 14, 2025","Jun 30, 2026",1,"€ 750,000",,Starter,D,LB,31,Portugal,Gaziantep BB,True,,turkey,2526
Nuno Da Costa,,"€ 14,423","€ 750,000","€ 190,000","Jul 1, 2025","Jun 30, 2027",2,"€ 1,500,000",,Reserve,F,CF,34,Cape Verde,Basaksehir,True,,turkey,2526
Olivier Kemen,,"€ 14,423","€ 750,000","€ 190,000","Jan 30, 2024","Jun 30, 2027",2,"€ 1,500,000",,Starter,M,CM,29,Cameroon,Basaksehir,True,,turkey,2526
Luis Pérez,,"€ 14,423","€ 750,000","€ 190,000","Aug 21, 2025","Jun 30, 2027",2,"€ 1,500,000",,Reserve,D,RB,31,Spain,Gaziantep BB,True,,turkey,2526
Davide Biraschi,,"€ 14,423","€ 750,000","€ 190,000","Jan 22, 2026","Jun 30, 2026",1,"€ 750,000",,Starter,D,CB,31,Italy,Karagumrukspor,True,,turkey,2526
Tanguy Coulibaly,,"€ 14,423","€ 750,000","€ 190,000","Sep 2, 2025","Jun 30, 2028",3,"€ 2,250,000",,Reserve,F,RW,24,France,Samsunspor,True,,turkey,2526
Adrian Benedyczak,,"€ 14,423","€ 750,000","€ 190,000","Feb 3, 2026","Jun 30, 2026",1,"€ 750,000",,Starter,F,LW,25,Poland,Kasimpasa,True,,turkey,2526
Emre Kılınç,,"€ 14,423","€ 750,000","€ 190,000","Jul 1, 2025","Jun 30, 2028",3,"€ 2,250,000",,Reserve,F,RW,31,Turkey,Samsunspor,True,,turkey,2526
Toni Borevković,,"€ 14,423","€ 750,000","€ 190,000","Aug 15, 2025","Jun 30, 2028",3,"€ 2,250,000",,Reserve,D,CB,28,Croatia,Samsunspor,True,,turkey,2526
Emirhan Topçu,,"€ 14,423","€ 750,000","€ 110,000","Aug 2, 2024","Jun 30, 2028",3,"€ 2,250,000",,Starter,D,CB,25,Turkey,Besiktas,True,,turkey,2526
Deniz Türüç,,"€ 14,423","€ 750,000","€ 190,000","Jan 3, 2026","Jun 30, 2028",3,"€ 2,250,000",,Reserve,F,RW,33,Turkey,Konyaspor,True,,turkey,2526
Sam Larsson,,"€ 14,423","€ 750,000","€ 190,000","Sep 11, 2025","Jun 30, 2026",1,"€ 750,000",,Starter,F,AM,32,Sweden,Karagumrukspor,True,,turkey,2526
Marius,,"€ 14,423","€ 750,000","€ 190,000","Jul 23, 2025","Jun 30, 2028",3,"€ 2,250,000",,Reserve,F,CF,28,Chad,Samsunspor,True,,turkey,2526
Umut Güneş,,"€ 14,423","€ 750,000","€ 190,000","Feb 11, 2025","Jun 30, 2028",3,"€ 2,250,000",,Starter,M,CM,25,Turkey,Basaksehir,True,,turkey,2526
Modibo Sagnan,,"€ 14,423","€ 750,000","€ 190,000","Aug 2, 2025","Jun 30, 2026",1,"€ 750,000",,Reserve,D,CB,26,Mali,Caykur Rizespor,True,,turkey,2526
João Mendes,,"€ 14,423","€ 750,000","€ 190,000","Aug 8, 2025","Jun 30, 2027",2,"€ 1,500,000",,Starter,F,AM,31,Portugal,Kayserispor,True,,turkey,2526
Görkem Sağlam,,"€ 14,423","€ 750,000","€ 190,000","Jan 16, 2026","Jun 30, 2027",2,"€ 1,500,000",,Starter,M,CM,27,Turkey,Kayserispor,True,,turkey,2526
Riechedly Bazoer,,"€ 13,269","€ 690,000","€ 170,000","Sep 11, 2024","Jun 30, 2026",1,"€ 690,000",,Reserve,D,CB,29,Curacao,Konyaspor,True,,turkey,2526
Blaz Kramer,,"€ 13,269","€ 690,000","€ 170,000","Sep 12, 2024","Jun 30, 2027",2,"€ 1,380,000",,Starter,F,CF,29,Slovenia,Konyaspor,True,,turkey,2526
Kenneth Paal,,"€ 13,269","€ 690,000","€ 170,000","Jul 23, 2025","Jun 30, 2028",3,"€ 2,070,000",,Starter,D,LB,28,Suriname,Antalyaspor,True,,turkey,2526
Massadio Haïdara,,"€ 13,269","€ 690,000","€ 170,000","Jul 3, 2025","Jun 30, 2027",2,"€ 1,380,000",,Starter,D,LB,33,Mali,Kocaelispor,True,,turkey,2526
Valentin Mihăilă,,"€ 13,269","€ 690,000","€ 170,000","Jul 18, 2025","Jun 30, 2029",4,"€ 2,760,000",,Starter,F,LW,26,Romania,Caykur Rizespor,True,,turkey,2526
Can Keleş,,"€ 13,269","€ 690,000","€ 100,000","Aug 13, 2025","Jun 30, 2026",1,"€ 690,000",,Starter,F,RW,24,Austria,Kocaelispor,True,,turkey,2526
Janderson,,"€ 13,269","€ 690,000","€ 170,000","Jul 1, 2025","Jun 30, 2028",3,"€ 2,070,000",,Starter,F,CF,26,Brazil,Goztepe,True,,turkey,2526
Efkan Bekiroğlu,,"€ 13,269","€ 690,000","€ 170,000","Aug 1, 2025","Jun 30, 2026",1,"€ 690,000",,Reserve,F,AM,30,Turkey,Goztepe,True,,turkey,2526
Georgiy Dzhikiya,,"€ 13,269","€ 690,000","€ 170,000","Jul 23, 2025","Jun 30, 2027",2,"€ 1,380,000",,Reserve,D,CB,32,Russia,Antalyaspor,True,,turkey,2526
Onurcan Piri,,"€ 12,500","€ 650,000","€ 160,000","Sep 15, 2023","Jun 30, 2026",1,"€ 650,000",,Reserve,K,GK,31,Turkey,Kayserispor,True,,turkey,2526
Youssef Aït Bennasser,,"€ 12,500","€ 650,000","€ 160,000","Sep 4, 2025","Jun 30, 2027",2,"€ 1,300,000",,Starter,M,DM,29,Morocco,Kayserispor,True,,turkey,2526
Levent Mercan,,"€ 12,308","€ 640,000","€ 160,000","Jul 1, 2024","Jun 30, 2028",3,"€ 1,920,000",,Reserve,D,LB,25,Turkey,Fenerbahce,True,,turkey,2526
Mert Hakan Yandaş,,"€ 12,308","€ 640,000","€ 100,000","Jun 21, 2024","Jun 30, 2026",1,"€ 640,000",,Starter,F,AM,31,Turkey,Fenerbahce,True,,turkey,2526
Denis Drăguș,,"€ 12,115","€ 630,000","€ 160,000","Jan 9, 2026","Jun 30, 2026",1,"€ 630,000",,Reserve,F,CF,26,Romania,Gaziantep BB,True,,turkey,2526
Berkan Kutlu,,"€ 12,115","€ 630,000","€ 160,000","Jan 5, 2026","Jun 30, 2026",1,"€ 630,000",,Starter,M,CM,28,Turkey,Konyaspor,True,,turkey,2526
Taras Stepanenko,,"€ 12,115","€ 630,000","€ 160,000","Feb 1, 2025","Jun 30, 2026",1,"€ 630,000",,Reserve,M,DM,36,Ukraine,Eyupspor,True,,turkey,2526
Junior Olaitan,,"€ 12,115","€ 630,000","€ 160,000","Feb 3, 2026","Jun 30, 2029",4,"€ 2,520,000",,Starter,F,AM,23,Benin,Besiktas,True,,turkey,2526
Carlos Mané,,"€ 12,115","€ 630,000","€ 160,000","Jun 19, 2024","Jun 30, 2026",1,"€ 630,000",,Reserve,F,RW,31,Guinea-Bissau,Kayserispor,True,,turkey,2526
Nuno Lima,,"€ 12,115","€ 630,000","€ 120,000","Oct 14, 2025","Jun 30, 2029",4,"€ 2,520,000",,Starter,D,CB,24,Portugal,Alanyaspor,True,,turkey,2526
İsmail Yüksek,,"€ 12,115","€ 630,000","€ 130,000","Mar 28, 2025","Jun 30, 2028",3,"€ 1,890,000",,Reserve,M,DM,27,Turkey,Fenerbahce,True,,turkey,2526
Mateusz Wieteska,,"€ 12,115","€ 630,000","€ 160,000","Jul 30, 2025","Jun 30, 2026",1,"€ 630,000",,Reserve,D,CB,28,Poland,Kocaelispor,True,,turkey,2526
Rick van Drongelen,,"€ 12,115","€ 630,000","€ 160,000","Jul 3, 2025","Jun 30, 2028",3,"€ 1,890,000",,Starter,D,CB,27,Netherlands,Samsunspor,True,,turkey,2526
Necip Uysal,,"€ 12,115","€ 630,000","€ 90,000","Feb 17, 2025","Jun 30, 2027",2,"€ 1,260,000",,Reserve,M,DM,35,Turkey,Besiktas,True,,turkey,2526
Daniel Johnson,,"€ 11,923","€ 620,000","€ 160,000","Sep 3, 2024","Jun 30, 2026",1,"€ 620,000",,Reserve,M,CM,33,Jamaica,Karagumrukspor,True,,turkey,2526
Melih Kabasakal,,"€ 11,923","€ 620,000","€ 160,000","Aug 28, 2025","Jun 30, 2027",2,"€ 1,240,000",,Reserve,M,DM,29,Turkey,Gaziantep BB,True,,turkey,2526
Dorukhan Toköz,,"€ 11,923","€ 620,000","€ 160,000","Aug 8, 2025","Jun 30, 2027",2,"€ 1,240,000",,Starter,M,DM,29,Turkey,Kayserispor,True,,turkey,2526
Godfried Frimpong,,"€ 11,923","€ 620,000","€ 160,000","Aug 7, 2025","Jun 30, 2027",2,"€ 1,240,000",,Reserve,D,LB,26,Netherlands,Kasimpasa,True,,turkey,2526
Okan Kocuk,,"€ 11,923","€ 620,000","€ 160,000","Jul 16, 2025","Jun 30, 2028",3,"€ 1,860,000",,Starter,K,GK,30,Turkey,Samsunspor,True,,turkey,2526
Henry Onyekuru,,"€ 11,923","€ 620,000","€ 160,000","Jul 21, 2025","Jun 30, 2027",2,"€ 1,240,000",,Reserve,F,LW,28,Nigeria,Genclerbirligi SK,True,,turkey,2526
M'Baye Niang,,"€ 11,923","€ 620,000","€ 160,000","Aug 30, 2025","Jun 30, 2027",2,"€ 1,240,000",,Reserve,F,CF,31,Senegal,Genclerbirligi SK,True,,turkey,2526
Fidan Aliti,,"€ 11,154","€ 580,000","€ 150,000","Jul 12, 2025","Jun 30, 2028",3,"€ 1,740,000",,Starter,D,CB,32,Kosovo,Alanyaspor,True,,turkey,2526
Julián Cuesta,,"€ 10,769","€ 560,000","€ 140,000","Aug 29, 2025","Jun 30, 2027",2,"€ 1,120,000",,Starter,K,GK,34,Spain,Antalyaspor,True,,turkey,2526
Pedro Pereira,,"€ 10,769","€ 560,000","€ 140,000","Jul 24, 2025","Jun 30, 2027",2,"€ 1,120,000",,Starter,D,RB,28,Portugal,Genclerbirligi SK,True,,turkey,2526
Sander van de Streek,,"€ 10,769","€ 560,000","€ 140,000","Aug 18, 2023","Jun 30, 2026",1,"€ 560,000",,Starter,F,AM,32,Netherlands,Antalyaspor,True,,turkey,2526
Ali Yavuz Kol,,"€ 10,769","€ 560,000","€ 140,000","Jul 1, 2025","Jun 30, 2027",2,"€ 1,120,000",,Reserve,F,LW,25,Turkey,Kasimpasa,True,,turkey,2526
Jim Allevinah,,"€ 10,769","€ 560,000","€ 140,000","Jan 29, 2026","Jun 30, 2026",1,"€ 560,000",,Starter,F,RW,30,Gabon,Kasimpasa,True,,turkey,2526
Mateusz Legowski,,"€ 10,769","€ 560,000","€ 140,000","Sep 10, 2025","Jun 30, 2028",3,"€ 1,680,000",,Reserve,M,DM,23,Poland,Eyupspor,True,,turkey,2526
Emre Akbaba,,"€ 10,769","€ 560,000","€ 140,000","Jul 2, 2024","Jun 30, 2026",1,"€ 560,000",,Starter,F,AM,33,Turkey,Eyupspor,True,,turkey,2526
Miguel Cardoso,,"€ 10,769","€ 560,000","€ 140,000","May 30, 2024","Jun 30, 2027",2,"€ 1,120,000",,Starter,F,LW,31,Portugal,Kayserispor,True,,turkey,2526
Abbosbek Fayzullaev,,"€ 10,769","€ 560,000","€ 140,000","Jul 30, 2025","Jun 30, 2030",5,"€ 2,800,000",,Starter,F,AM,22,Uzbekistan,Basaksehir,True,,turkey,2526
Gaius Makouta,,"€ 10,769","€ 560,000","€ 140,000","Jul 25, 2024","Jun 30, 2027",2,"€ 1,120,000",,Starter,M,DM,28,Congo,Alanyaspor,True,,turkey,2526
Göktan Gürpüz,,"€ 10,769","€ 560,000","€ 140,000","Jul 31, 2025","Jun 30, 2026",1,"€ 560,000",,Starter,F,RW,23,Turkey,Genclerbirligi SK,True,,turkey,2526
Afonso Sousa,,"€ 10,769","€ 560,000","€ 140,000","Aug 15, 2025","Jun 30, 2030",5,"€ 2,800,000",,Reserve,F,AM,25,Portugal,Samsunspor,True,,turkey,2526
Kacper Kozlowski,,"€ 10,769","€ 560,000","€ 140,000","Jul 19, 2024","Jun 30, 2027",2,"€ 1,120,000",,Starter,F,AM,22,Poland,Gaziantep BB,True,,turkey,2526
Yhoan Andzouana,,"€ 10,769","€ 560,000","€ 140,000","Jul 7, 2025","Jun 30, 2028",3,"€ 1,680,000",,Starter,D,RB,29,Congo,Konyaspor,True,,turkey,2526
Nihad Mujakic,,"€ 10,769","€ 560,000","€ 140,000","Jan 8, 2026","Jun 30, 2026",1,"€ 560,000",,Starter,D,CB,27,Bosnia-Herzegovina,Gaziantep BB,True,,turkey,2526
Kartal Yılmaz,,"€ 10,769","€ 560,000","€ 140,000","Sep 10, 2025","Jun 30, 2028",3,"€ 1,680,000",,Reserve,M,DM,25,Turkey,Besiktas,True,,turkey,2526
Nikola Storm,,"€ 10,769","€ 560,000","€ 140,000","Aug 4, 2025","Jun 30, 2027",2,"€ 1,120,000",,Reserve,F,LW,31,Belgium,Antalyaspor,True,,turkey,2526
Onur Ergün,,"€ 10,577","€ 550,000","€ 140,000","Jun 1, 2025","Jun 30, 2026",1,"€ 550,000",,Reserve,M,DM,33,Turkey,Basaksehir,True,,turkey,2526
Arbnor Muja,,"€ 10,192","€ 530,000","€ 130,000","Feb 9, 2024","Jun 30, 2027",2,"€ 1,060,000",,Reserve,F,RW,26,Albania,Samsunspor,False,,turkey,2526
Paulo Victor,,"€ 9,615","€ 500,000","€ 130,000","Jul 26, 2025","Jun 30, 2026",1,"€ 500,000",,Starter,K,GK,39,Brazil,Alanyaspor,True,,turkey,2526
Arda Kurtulan,,"€ 9,615","€ 500,000","€ 130,000","Jul 1, 2025","Jun 30, 2029",4,"€ 2,000,000",,Reserve,M,RM,23,Turkey,Goztepe,True,,turkey,2526
Maestro,,"€ 9,615","€ 500,000","€ 130,000","Jul 3, 2025","Jun 30, 2029",4,"€ 2,000,000",,Reserve,M,DM,22,Angola,Alanyaspor,True,,turkey,2526
Majid Hosseini,,"€ 9,615","€ 500,000","€ 130,000","Jun 23, 2025","Jun 30, 2027",2,"€ 1,000,000",,Reserve,D,CB,29,Iran,Kayserispor,True,,turkey,2526
Umut Nayir,,"€ 9,615","€ 500,000","€ 80,000","Jan 29, 2026","Jun 30, 2027",2,"€ 1,000,000",,Reserve,F,CF,32,Turkey,Trabzonspor,True,,turkey,2526
Amin Cherni,,"€ 9,615","€ 500,000","€ 130,000","Jul 23, 2025","Jun 30, 2028",3,"€ 1,500,000",,Starter,M,LM,24,Tunisia,Goztepe,True,,turkey,2526
Botond Balogh,,"€ 9,615","€ 500,000","€ 130,000","Sep 7, 2025","Jun 30, 2026",1,"€ 500,000",,Starter,D,CB,23,Hungary,Kocaelispor,True,,turkey,2526
Adil Demirbağ,,"€ 9,615","€ 500,000","€ 130,000","Jun 15, 2024","Jun 30, 2027",2,"€ 1,000,000",,Starter,D,CB,28,Turkey,Konyaspor,True,,turkey,2526
Frantzdy Pierrot,,"€ 9,615","€ 500,000","€ 130,000","Feb 5, 2026","Jun 30, 2026",1,"€ 500,000",,Reserve,F,CF,30,Haiti,Caykur Rizespor,True,,turkey,2526
Drissa Camara,,"€ 9,615","€ 500,000","€ 130,000","Sep 1, 2025","Jun 30, 2028",3,"€ 1,500,000",,Starter,M,CM,23,Cote d'Ivoire,Gaziantep BB,True,,turkey,2526
Jérôme Onguéné,,"€ 9,615","€ 500,000","€ 130,000","Jan 13, 2026","Jun 30, 2026",1,"€ 500,000",,Starter,D,CB,28,Cameroon,Eyupspor,True,,turkey,2526
Show,,"€ 9,615","€ 500,000","€ 130,000","Jul 3, 2025","Jun 30, 2026",1,"€ 500,000",,Starter,M,DM,26,Angola,Kocaelispor,True,,turkey,2526
Sidiki Chérif,,"€ 9,615","€ 500,000","€ 130,000","Feb 1, 2026","Jun 30, 2026",1,"€ 500,000",,Reserve,F,CF,19,France,Fenerbahce,True,,turkey,2526
Joe Mendes,,"€ 9,615","€ 500,000","€ 130,000","Jul 10, 2025","Jun 30, 2030",5,"€ 2,500,000",,Reserve,D,RB,23,Sweden,Samsunspor,True,,turkey,2526
João Camacho,,"€ 9,615","€ 500,000","€ 130,000","Jul 16, 2024","Jun 30, 2026",1,"€ 500,000",,Reserve,F,RW,31,Portugal,Karagumrukspor,True,,turkey,2526
Sergio,,"€ 9,615","€ 500,000","€ 130,000","Jan 29, 2025","Jun 30, 2026",1,"€ 500,000",,Starter,F,LW,30,Brazil,Karagumrukspor,True,,turkey,2526
Jaurès Assoumou,,"€ 9,615","€ 500,000","€ 130,000","Jan 21, 2026","Jun 30, 2030",5,"€ 2,500,000",,Starter,F,LW,23,Cote d'Ivoire,Samsunspor,True,,turkey,2526
Filip Mladenovic,,"€ 9,615","€ 500,000","€ 130,000","Feb 6, 2026","Jun 30, 2026",1,"€ 500,000",,Starter,D,LB,34,Serbia,Karagumrukspor,True,,turkey,2526
Christ Inao Oulaï,,"€ 9,615","€ 500,000","€ 80,000","Aug 20, 2025","Jun 30, 2030",5,"€ 2,500,000",,Starter,M,CM,19,Cote d'Ivoire,Trabzonspor,True,,turkey,2526
Andri Fannar Baldursson,,"€ 9,615","€ 500,000","€ 130,000","Jul 30, 2025","Jun 30, 2028",3,"€ 1,500,000",,Starter,M,DM,24,Iceland,Kasimpasa,True,,turkey,2526
Mathias Fjørtoft Løvik,,"€ 9,615","€ 500,000","€ 80,000","Jan 20, 2026","Jun 30, 2030",5,"€ 2,500,000",,Starter,D,LB,22,Norway,Trabzonspor,True,,turkey,2526
Adamo Nagalo,,"€ 9,615","€ 500,000","€ 130,000","Jan 30, 2026","Jun 30, 2026",1,"€ 500,000",,Reserve,D,CB,23,Burkina Faso,Konyaspor,True,,turkey,2526
Malcom Bokele,,"€ 9,615","€ 500,000","€ 130,000","Aug 14, 2024","Jun 30, 2027",2,"€ 1,000,000",,Starter,D,CB,25,Cameroon,Goztepe,True,,turkey,2526
Dimitrios Goutas,,"€ 9,615","€ 500,000","€ 130,000","Jul 11, 2025","Jun 30, 2027",2,"€ 1,000,000",,Starter,D,CB,31,Greece,Genclerbirligi SK,True,,turkey,2526
Hamza Güreler,,"€ 9,615","€ 500,000","€ 130,000","Sep 1, 2025","Jun 30, 2028",3,"€ 1,500,000",,Reserve,D,CB,19,Turkey,Basaksehir,True,,turkey,2526
Darko Churlinov,,"€ 9,615","€ 500,000","€ 130,000","Sep 1, 2025","Jun 30, 2027",2,"€ 1,000,000",,Reserve,F,LW,25,North Macedonia,Kocaelispor,True,,turkey,2526
Luccas Claro,,"€ 9,423","€ 490,000","€ 120,000","Mar 29, 2025","Jun 30, 2027",2,"€ 980,000",,Reserve,D,CB,34,Brazil,Eyupspor,True,,turkey,2526
Tom Dele-Bashiru,,"€ 9,231","€ 480,000","€ 120,000","Sep 12, 2025","Jun 30, 2026",1,"€ 480,000",,Starter,M,DM,26,Nigeria,Genclerbirligi SK,True,,turkey,2526
Renato Nhaga,,"€ 9,038","€ 470,000","€ 70,000","Feb 4, 2026","Jun 30, 2030",5,"€ 2,350,000",,Reserve,M,CM,18,Guinea-Bissau,Galatasaray,True,,turkey,2526
Erdoğan Yeşilyurt,,"€ 8,654","€ 450,000","€ 110,000","Jul 14, 2023","Jun 30, 2026",1,"€ 450,000",,Reserve,D,RB,32,Turkey,Antalyaspor,True,,turkey,2526
Pedrinho,,"€ 8,654","€ 450,000","€ 110,000","Jul 12, 2024","Jun 30, 2027",2,"€ 900,000",,Reserve,F,LW,29,Brazil,Konyaspor,True,,turkey,2526
Baran Moğultay,,"€ 8,654","€ 450,000","€ 110,000","Jul 14, 2025","Jun 30, 2026",1,"€ 450,000",,Reserve,D,LB,21,Turkey,Alanyaspor,True,,turkey,2526
Yasin Özcan,,"€ 8,654","€ 450,000","€ 110,000","Jan 28, 2026","Jan 27, 2027",1,"€ 450,000",,Reserve,D,LB,19,Turkey,Besiktas,True,,turkey,2526
Ramzi Safuri,,"€ 8,654","€ 450,000","€ 110,000","Jul 7, 2025","Jun 30, 2027",2,"€ 900,000",,Starter,F,AM,30,Israel,Antalyaspor,True,,turkey,2526
Zeki Yavru,,"€ 8,654","€ 450,000","€ 110,000","Feb 7, 2025","Jun 30, 2026",1,"€ 450,000",,Starter,D,RB,34,Turkey,Samsunspor,True,,turkey,2526
Christopher Lungoyi,,"€ 8,654","€ 450,000","€ 110,000","Sep 4, 2024","Jun 30, 2026",1,"€ 450,000",,Starter,F,LW,25,Switzerland,Gaziantep BB,True,,turkey,2526
Dal Varesanovic,,"€ 8,654","€ 450,000","€ 110,000","Sep 12, 2025","Jun 30, 2026",1,"€ 450,000",,Reserve,F,AM,24,Bosnia-Herzegovina,Genclerbirligi SK,True,,turkey,2526
Lionel Carole,,"€ 8,462","€ 440,000","€ 110,000","Jul 1, 2025","Jun 30, 2026",1,"€ 440,000",,Starter,D,LB,34,France,Kayserispor,True,,turkey,2526
İbrahim Kaya,,"€ 8,462","€ 440,000","€ 110,000","Jul 1, 2025","Jun 30, 2029",4,"€ 1,760,000",,Reserve,F,AM,24,Turkey,Alanyaspor,True,,turkey,2526
Festy Ebosele,,"€ 8,462","€ 440,000","€ 110,000","Jan 31, 2025","Jun 30, 2028",3,"€ 1,320,000",,Reserve,D,RB,23,Ireland,Basaksehir,True,,turkey,2526
Khusniddin Alikulov,,"€ 8,462","€ 440,000","€ 110,000","Feb 9, 2026","Jun 30, 2027",2,"€ 880,000",,Reserve,D,CB,26,Uzbekistan,Caykur Rizespor,True,,turkey,2526
Lenny Pintor,,"€ 8,462","€ 440,000","€ 110,000","Jan 9, 2026","Jun 30, 2027",2,"€ 880,000",,Starter,F,RW,25,France,Eyupspor,True,,turkey,2526
Deian Sorescu,,"€ 8,462","€ 440,000","€ 110,000","Aug 10, 2024","Jun 30, 2027",2,"€ 880,000",,Reserve,F,RW,28,Romania,Gaziantep BB,True,,turkey,2526
Adama Traoré,,"€ 8,462","€ 440,000","€ 110,000","Aug 15, 2025","Jun 30, 2027",2,"€ 880,000",,Reserve,F,RW,30,Mali,Genclerbirligi SK,True,,turkey,2526
Franco Tongya,,"€ 8,462","€ 440,000","€ 110,000","Sep 5, 2025","Jun 30, 2027",2,"€ 880,000",,Starter,M,CM,23,Italy,Genclerbirligi SK,True,,turkey,2526
Oğulcan Ülgün,,"€ 8,462","€ 440,000","€ 110,000","Jul 25, 2025","Jun 30, 2027",2,"€ 880,000",,Starter,M,CM,27,Turkey,Genclerbirligi SK,True,,turkey,2526
Thalisson,,"€ 8,462","€ 440,000","€ 110,000","Jul 3, 2025","Jun 30, 2027",2,"€ 880,000",,Starter,D,CB,27,Brazil,Genclerbirligi SK,True,,turkey,2526
Zan Zuzek,,"€ 8,462","€ 440,000","€ 110,000","Aug 8, 2024","Jun 30, 2026",1,"€ 440,000",,Starter,D,CB,29,Slovenia,Genclerbirligi SK,True,,turkey,2526
Alexis Antunes,,"€ 8,462","€ 440,000","€ 110,000","Jan 5, 2026","Jun 30, 2029",4,"€ 1,760,000",,Reserve,F,AM,25,Switzerland,Goztepe,True,,turkey,2526
Mateusz Lis,,"€ 8,462","€ 440,000","€ 110,000","Aug 22, 2024","Jun 30, 2027",2,"€ 880,000",,Starter,K,GK,28,Poland,Goztepe,True,,turkey,2526
Fatih Kurucuk,,"€ 8,462","€ 440,000","€ 110,000","Jul 17, 2025","Jun 30, 2027",2,"€ 880,000",,Reserve,D,CB,28,Turkey,Karagumrukspor,True,,turkey,2526
Tiago Çukur,,"€ 8,462","€ 440,000","€ 110,000","Jul 1, 2025","Jun 30, 2028",3,"€ 1,320,000",,Reserve,F,CF,23,Turkey,Karagumrukspor,True,,turkey,2526
Kamil Ahmet Çörekçi,,"€ 8,462","€ 440,000","€ 110,000","Jan 6, 2026","Jun 30, 2026",1,"€ 440,000",,Starter,D,RB,34,Turkey,Kasimpasa,True,,turkey,2526
Pape Habib Guèye,,"€ 8,462","€ 440,000","€ 110,000","Aug 1, 2025","Jun 30, 2029",4,"€ 1,760,000",,Reserve,F,CF,26,Senegal,Kasimpasa,True,,turkey,2526
Aleksandar Jovanovic,,"€ 8,462","€ 440,000","€ 110,000","Jul 1, 2025","Jun 30, 2027",2,"€ 880,000",,Reserve,K,GK,33,Serbia,Kocaelispor,True,,turkey,2526
Deniz Ertaş,,"€ 8,462","€ 440,000","€ 110,000","Dec 20, 2023","Jun 30, 2027",2,"€ 880,000",,Reserve,K,GK,20,Turkey,Konyaspor,True,,turkey,2526
Marius Ștefănescu,,"€ 8,462","€ 440,000","€ 110,000","Jul 30, 2025","Jun 30, 2028",3,"€ 1,320,000",,Reserve,F,RW,27,Romania,Konyaspor,True,,turkey,2526
Marko Jevtovic,,"€ 8,462","€ 440,000","€ 110,000","Jul 16, 2024","Jun 30, 2026",1,"€ 440,000",,Reserve,M,DM,32,Serbia,Konyaspor,True,,turkey,2526
Elayis Tavsan,,"€ 8,462","€ 440,000","€ 110,000","Jan 16, 2026","Jun 30, 2030",5,"€ 2,200,000",,Reserve,F,RW,24,Netherlands,Samsunspor,True,,turkey,2526
Logi Tómasson,,"€ 8,462","€ 440,000","€ 110,000","Jul 1, 2025","Jun 30, 2029",4,"€ 1,760,000",,Starter,D,LB,25,Iceland,Samsunspor,True,,turkey,2526
Chibuike Nwaiwu,,"€ 8,462","€ 440,000","€ 70,000","Jan 7, 2026","Jun 30, 2030",5,"€ 2,200,000",,Starter,D,CB,22,Nigeria,Trabzonspor,True,,turkey,2526
Andreas Gianniotis,,"€ 7,500","€ 390,000","€ 100,000","Jun 5, 2025","Jun 30, 2027",2,"€ 780,000",,Starter,K,GK,33,Greece,Kasimpasa,True,,turkey,2526
Metehan Baltacı,,"€ 7,308","€ 380,000","€ 100,000","Dec 10, 2024","Jun 30, 2028",3,"€ 1,140,000",,Reserve,D,CB,23,Turkey,Galatasaray,True,,turkey,2526
Devis Vásquez,,"€ 7,308","€ 380,000","€ 60,000","Feb 6, 2026","Jun 30, 2026",1,"€ 380,000",,Reserve,K,GK,27,Colombia,Besiktas,True,,turkey,2526
Tayyip Sanuc,,"€ 7,308","€ 380,000","€ 100,000","Sep 7, 2025","Jun 30, 2026",1,"€ 380,000",,Starter,D,CB,26,Turkey,Gaziantep BB,True,,turkey,2526
Yusuf Özdemir,,"€ 7,308","€ 380,000","€ 100,000","Sep 25, 2023","Jun 30, 2028",3,"€ 1,140,000",,Reserve,M,LM,25,Turkey,Alanyaspor,True,,turkey,2526
Kubilay Kanatsızkuş,,"€ 7,308","€ 380,000","€ 100,000","Jul 1, 2025","Jun 30, 2027",2,"€ 760,000",,Reserve,F,CF,28,Turkey,Kasimpasa,True,,turkey,2526
Ivan Brnic,,"€ 7,308","€ 380,000","€ 100,000","Feb 11, 2025","Jun 30, 2028",3,"€ 1,140,000",,Reserve,F,LW,24,Croatia,Basaksehir,True,,turkey,2526
Dario Saric,,"€ 7,308","€ 380,000","€ 100,000","Aug 18, 2025","Jun 30, 2027",2,"€ 760,000",,Starter,M,CM,28,Bosnia-Herzegovina,Antalyaspor,True,,turkey,2526
Dorin Rotariu,,"€ 7,308","€ 380,000","€ 100,000","Feb 6, 2026","Jun 30, 2026",1,"€ 380,000",,Reserve,F,RW,30,Romania,Eyupspor,True,,turkey,2526
Jakub Kaluzinski,,"€ 7,308","€ 380,000","€ 100,000","Sep 12, 2025","Jun 30, 2029",4,"€ 1,520,000",,Reserve,M,DM,23,Poland,Basaksehir,True,,turkey,2526
Hüseyin Türkmen,,"€ 7,308","€ 380,000","€ 100,000","Jul 9, 2025","Jun 30, 2026",1,"€ 380,000",,Starter,D,CB,28,Turkey,Antalyaspor,True,,turkey,2526
Nicholas Opoku,,"€ 7,308","€ 380,000","€ 100,000","Aug 16, 2024","Jun 30, 2026",1,"€ 380,000",,Starter,D,CB,28,Ghana,Kasimpasa,True,,turkey,2526
Samuel Ballet,,"€ 7,308","€ 380,000","€ 100,000","Sep 12, 2025","Jun 30, 2027",2,"€ 760,000",,Starter,F,RW,24,Switzerland,Antalyaspor,True,,turkey,2526
Juninho Bacuna,,"€ 7,308","€ 380,000","€ 100,000","Jul 11, 2025","Jun 30, 2027",2,"€ 760,000",,Reserve,M,CM,28,Curacao,Gaziantep BB,False,,turkey,2526
Ahmet Sivri,,"€ 7,308","€ 380,000","€ 100,000","Jul 16, 2024","Jun 30, 2026",1,"€ 380,000",,Reserve,F,LW,26,Turkey,Karagumrukspor,True,,turkey,2526
Mortadha Ben Ouanes,,"€ 7,308","€ 380,000","€ 100,000","Jun 5, 2025","Jun 30, 2027",2,"€ 760,000",,Starter,F,LW,31,Tunisia,Kasimpasa,True,,turkey,2526
Celil Yüksel,,"€ 7,308","€ 380,000","€ 100,000","Feb 22, 2025","Jun 30, 2027",2,"€ 760,000",,Starter,M,DM,28,Turkey,Samsunspor,True,,turkey,2526
Yohan Boli,,"€ 7,308","€ 380,000","€ 100,000","Sep 1, 2025","Jun 30, 2027",2,"€ 760,000",,Reserve,F,CF,32,Cote d'Ivoire,Antalyaspor,True,,turkey,2526
Adedire Mebude,,"€ 7,308","€ 380,000","€ 100,000","Jan 14, 2026","Jun 30, 2030",5,"€ 1,900,000",,Reserve,F,RW,21,Scotland,Caykur Rizespor,True,,turkey,2526
Abdulsamet Burak,,"€ 7,308","€ 380,000","€ 100,000","Aug 8, 2025","Jun 30, 2027",2,"€ 760,000",,Reserve,D,CB,29,Turkey,Kayserispor,True,,turkey,2526
Rigoberto Rivas,,"€ 7,308","€ 380,000","€ 100,000","Apr 22, 2025","Jun 30, 2027",2,"€ 760,000",,Starter,F,LW,27,Honduras,Kocaelispor,True,,turkey,2526
Tarık Çetin,,"€ 7,308","€ 380,000","€ 100,000","Jul 13, 2025","Jun 30, 2026",1,"€ 380,000",,Reserve,K,GK,29,Turkey,Fenerbahce,True,,turkey,2526
Furkan Soyalp,,"€ 7,308","€ 380,000","€ 100,000","Sep 8, 2025","Jun 30, 2027",2,"€ 760,000",,Reserve,M,CM,30,Turkey,Kayserispor,True,,turkey,2526
Matías Kranevitter,,"€ 7,308","€ 380,000","€ 100,000","Sep 4, 2025","Jun 30, 2026",1,"€ 380,000",,Starter,M,DM,32,Argentina,Karagumrukspor,True,,turkey,2526
Bahadır Öztürk,,"€ 7,308","€ 380,000","€ 100,000","Sep 16, 2023","Jun 30, 2026",1,"€ 380,000",,Reserve,D,CB,30,Turkey,Antalyaspor,True,,turkey,2526
Emir Ortakaya,,"€ 7,308","€ 380,000","€ 100,000","Jan 30, 2026","Jun 30, 2028",3,"€ 1,140,000",,Reserve,D,CB,21,Turkey,Caykur Rizespor,True,,turkey,2526
Shavy Babicka,,"€ 7,308","€ 380,000","€ 100,000","Jan 28, 2026","Jun 30, 2026",1,"€ 380,000",,Starter,F,RW,25,Gabon,Karagumrukspor,True,,turkey,2526
Ufuk Akyol,,"€ 7,308","€ 380,000","€ 100,000","Jul 1, 2024","Jun 30, 2026",1,"€ 380,000",,Reserve,M,DM,28,Turkey,Konyaspor,True,,turkey,2526
Erdem Canpolat,,"€ 7,308","€ 380,000","€ 100,000","Jul 3, 2025","Jun 30, 2027",2,"€ 760,000",,Reserve,K,GK,24,Turkey,Caykur Rizespor,True,,turkey,2526
Furkan Orak,,"€ 7,308","€ 380,000","€ 100,000","Jul 4, 2025","Jun 30, 2029",4,"€ 1,520,000",,Reserve,D,RB,24,Turkey,Caykur Rizespor,True,,turkey,2526
Bünyamin Balcı,,"€ 7,308","€ 380,000","€ 100,000","Sep 16, 2023","Jun 30, 2027",2,"€ 760,000",,Starter,D,RB,25,Turkey,Antalyaspor,True,,turkey,2526
Indrit Tuci,,"€ 7,308","€ 380,000","€ 100,000","Aug 8, 2025","Jun 30, 2026",1,"€ 380,000",,Reserve,F,CF,25,Albania,Kayserispor,True,,turkey,2526
Joshua Brenet,,"€ 7,308","€ 380,000","€ 100,000","Feb 6, 2026","Jun 30, 2027",2,"€ 760,000",,Reserve,D,RB,31,Curacao,Kayserispor,True,,turkey,2526
Semih Güler,,"€ 7,308","€ 380,000","€ 100,000","Jan 16, 2026","Jun 30, 2028",3,"€ 1,140,000",,Starter,D,CB,31,Turkey,Kayserispor,True,,turkey,2526
Ramazan Civelek,,"€ 7,308","€ 380,000","€ 100,000","Jul 12, 2025","Jun 30, 2027",2,"€ 760,000",,Reserve,F,RW,30,Turkey,Kayserispor,True,,turkey,2526
Umut Meraş,,"€ 7,308","€ 380,000","€ 100,000","Jul 1, 2024","Jun 30, 2026",1,"€ 380,000",,Starter,D,LB,30,Turkey,Eyupspor,True,,turkey,2526
Sander Svendsen,,"€ 7,308","€ 380,000","€ 100,000","Jan 3, 2026","Jun 30, 2027",2,"€ 760,000",,Reserve,F,AM,28,Norway,Konyaspor,True,,turkey,2526
Jesper Ceesay,,"€ 7,115","€ 370,000","€ 90,000","Aug 12, 2025","Jun 30, 2028",3,"€ 1,110,000",,Reserve,M,DM,24,The Gambia,Antalyaspor,True,,turkey,2526
Fatih Aksoy,,"€ 7,115","€ 370,000","€ 90,000","Jul 22, 2025","Jun 30, 2027",2,"€ 740,000",,Reserve,D,CB,28,Turkey,Alanyaspor,True,,turkey,2526
Doğan Alemdar,,"€ 6,731","€ 350,000","€ 90,000","Sep 12, 2025","Jun 30, 2029",4,"€ 1,400,000",,Reserve,K,GK,23,Turkey,Basaksehir,True,,turkey,2526
Loide Augusto,,"€ 6,731","€ 350,000","€ 90,000","Sep 11, 2025","Jun 30, 2026",1,"€ 350,000",,Reserve,F,RW,25,Angola,Caykur Rizespor,True,,turkey,2526
Kazımcan Karataş,,"€ 6,538","€ 340,000","€ 50,000","Feb 6, 2026","Jun 30, 2026",1,"€ 340,000",,Reserve,D,LB,23,Turkey,Basaksehir,True,,turkey,2526
Cláudio Winck,,"€ 6,538","€ 340,000","€ 90,000","Jun 5, 2025","Jun 30, 2027",2,"€ 680,000",,Reserve,D,RB,31,Brazil,Kasimpasa,True,,turkey,2526
Carlo Holse,,"€ 6,538","€ 340,000","€ 90,000","Sep 1, 2023","Jun 30, 2027",2,"€ 680,000",,Starter,F,AM,26,Denmark,Samsunspor,True,,turkey,2526
Cafú,,"€ 6,538","€ 340,000","€ 90,000","Aug 10, 2024","Jun 30, 2026",1,"€ 340,000",,Reserve,M,CM,32,Portugal,Kasimpasa,True,,turkey,2526
Morten Bjørlo,,"€ 6,538","€ 340,000","€ 90,000","Feb 11, 2025","Jun 30, 2027",2,"€ 680,000",,Reserve,M,CM,30,Norway,Konyaspor,True,,turkey,2526
Furkan Bayır,,"€ 6,538","€ 340,000","€ 90,000","Jan 28, 2025","Jun 30, 2028",3,"€ 1,020,000",,Reserve,D,CB,25,Turkey,Goztepe,True,,turkey,2526
Habib Keïta,,"€ 6,154","€ 320,000","€ 80,000","Sep 12, 2025","Jun 30, 2026",1,"€ 320,000",,Starter,M,CM,24,Mali,Kocaelispor,True,,turkey,2526
Arif Boşluk,,"€ 5,962","€ 310,000","€ 80,000","Jan 2, 2026","Jun 30, 2026",1,"€ 310,000",,Reserve,D,LB,22,Turkey,Konyaspor,True,,turkey,2526
Yusuf Barası,,"€ 5,962","€ 310,000","€ 80,000","Jul 11, 2025","Jun 30, 2028",3,"€ 930,000",,Reserve,F,CF,22,Turkey,Kasimpasa,True,,turkey,2526
Marcos Felipe,,"€ 5,962","€ 310,000","€ 80,000","Aug 14, 2025","Jun 30, 2026",1,"€ 310,000",,Reserve,K,GK,29,Brazil,Eyupspor,True,,turkey,2526
Arseniy Batagov,,"€ 5,962","€ 310,000","€ 80,000","Aug 6, 2024","Jun 30, 2028",3,"€ 930,000",,Starter,D,CB,23,Ukraine,Trabzonspor,True,,turkey,2526
Yalçın Kayan,,"€ 5,962","€ 310,000","€ 80,000","Jan 9, 2026","Jun 30, 2028",3,"€ 930,000",,Reserve,M,CM,27,Turkey,Samsunspor,True,,turkey,2526
Allan Godói,,"€ 5,962","€ 310,000","€ 80,000","Jul 1, 2025","Jun 30, 2027",2,"€ 620,000",,Starter,D,CB,32,Brazil,Goztepe,True,,turkey,2526
Bruno Viana,,"€ 5,962","€ 310,000","€ 80,000","Aug 4, 2025","Jun 30, 2027",2,"€ 620,000",,Reserve,D,CB,31,Brazil,Alanyaspor,True,,turkey,2526
Arda Kızıldağ,,"€ 5,962","€ 310,000","€ 80,000","Jun 18, 2025","Jun 30, 2027",2,"€ 620,000",,Reserve,D,CB,27,Turkey,Gaziantep BB,True,,turkey,2526
Veysel Sarı,,"€ 5,962","€ 310,000","€ 80,000","Dec 31, 2024","Jun 30, 2026",1,"€ 310,000",,Starter,D,CB,37,Turkey,Antalyaspor,True,,turkey,2526
Héliton,,"€ 5,962","€ 310,000","€ 80,000","Jun 1, 2025","Jun 30, 2026",1,"€ 310,000",,Starter,D,CB,30,Brazil,Goztepe,True,,turkey,2526
Uğurcan Yazğılı,,"€ 5,962","€ 310,000","€ 80,000","Aug 14, 2025","Jun 30, 2027",2,"€ 620,000",,Starter,D,CB,26,Turkey,Konyaspor,True,,turkey,2526
Matej Hanousek,,"€ 5,962","€ 310,000","€ 80,000","Jan 16, 2025","Jun 30, 2026",1,"€ 310,000",,Reserve,D,LB,32,Czech Republic,Genclerbirligi SK,True,,turkey,2526
Nicolas Janvier,,"€ 5,962","€ 310,000","€ 80,000","Jul 4, 2023","Jun 30, 2026",1,"€ 310,000",,Starter,M,CM,27,France,Alanyaspor,True,,turkey,2526
Musah Mohammed,,"€ 5,962","€ 310,000","€ 80,000","Feb 5, 2026","Jun 30, 2028",3,"€ 930,000",,Reserve,M,DM,24,Ghana,Goztepe,True,,turkey,2526
Jerome Opoku,,"€ 5,962","€ 310,000","€ 80,000","Jul 1, 2024","Jun 30, 2027",2,"€ 620,000",,Starter,D,CB,27,Ghana,Basaksehir,True,,turkey,2526
Ogün Bayrak,,"€ 5,962","€ 310,000","€ 80,000","Aug 21, 2025","Jun 30, 2028",3,"€ 930,000",,Starter,M,RM,27,Turkey,Goztepe,True,,turkey,2526
Erhan Erentürk,,"€ 5,962","€ 310,000","€ 80,000","Jul 8, 2025","Jun 30, 2027",2,"€ 620,000",,Reserve,K,GK,30,Turkey,Genclerbirligi SK,True,,turkey,2526
Taha Altıkardeş,,"€ 5,962","€ 310,000","€ 80,000","Jul 13, 2025","Jun 30, 2028",3,"€ 930,000",,Reserve,D,CB,22,Turkey,Goztepe,True,,turkey,2526
Uğur Kaan Yıldız,,"€ 5,962","€ 310,000","€ 80,000","Jul 14, 2022","Jun 30, 2026",1,"€ 310,000",,Reserve,M,RM,23,Turkey,Goztepe,True,,turkey,2526
Efecan Karaca,,"€ 5,962","€ 310,000","€ 80,000","Jan 29, 2025","Jun 30, 2026",1,"€ 310,000",,Reserve,F,AM,36,Turkey,Alanyaspor,True,,turkey,2526
Anıl Yiğit Çınar,,"€ 5,962","€ 310,000","€ 80,000","Jul 16, 2024","Jun 30, 2027",2,"€ 620,000",,Reserve,D,CB,22,Turkey,Karagumrukspor,True,,turkey,2526
Barış Kalaycı,,"€ 5,962","€ 310,000","€ 80,000","Jul 21, 2025","Jun 30, 2029",4,"€ 1,240,000",,Starter,M,CM,20,Turkey,Karagumrukspor,True,,turkey,2526
Jin-ho Jo,,"€ 5,962","€ 310,000","€ 80,000","Jul 16, 2025","Jun 30, 2027",2,"€ 620,000",,Reserve,M,DM,22,South Korea,Konyaspor,True,,turkey,2526
Cihan Çanak,,"€ 5,962","€ 310,000","€ 50,000","Jan 30, 2026","Jun 30, 2026",1,"€ 310,000",,Reserve,F,RW,21,Turkey,Genclerbirligi SK,True,,turkey,2526
Nazım Sangaré,,"€ 5,962","€ 310,000","€ 80,000","Aug 7, 2025","Jun 30, 2026",1,"€ 310,000",,Starter,D,CB,31,Turkey,Gaziantep BB,True,,turkey,2526
Tayfur Bingöl,,"€ 5,962","€ 310,000","€ 80,000","Aug 22, 2025","Jun 30, 2027",2,"€ 620,000",,Starter,F,LW,33,Turkey,Kocaelispor,True,,turkey,2526
İzzet Çelik,,"€ 5,962","€ 310,000","€ 80,000","Jul 2, 2025","Jun 30, 2029",4,"€ 1,240,000",,Reserve,M,CM,21,Turkey,Alanyaspor,True,,turkey,2526
Serdar Dursun,,"€ 5,962","€ 310,000","€ 80,000","Sep 11, 2025","Jun 30, 2026",1,"€ 310,000",,Reserve,F,CF,34,Turkey,Kocaelispor,True,,turkey,2526
Mahamadou Susoho,,"€ 5,962","€ 310,000","€ 80,000","Jan 31, 2026","Jun 30, 2028",3,"€ 930,000",,Reserve,M,DM,21,Spain,Kocaelispor,True,,turkey,2526
Joseph Nonge,,"€ 5,962","€ 310,000","€ 80,000","Jul 5, 2025","Jun 30, 2028",3,"€ 930,000",,Reserve,M,CM,20,Belgium,Kocaelispor,True,,turkey,2526
Dan Agyei,,"€ 5,962","€ 310,000","€ 80,000","Jul 1, 2025","Jun 30, 2027",2,"€ 620,000",,Reserve,F,RW,28,England,Kocaelispor,True,,turkey,2526
Anfernee Dijksteel,,"€ 5,962","€ 310,000","€ 80,000","Jul 25, 2025","Jun 30, 2027",2,"€ 620,000",,Starter,D,RB,29,Suriname,Kocaelispor,True,,turkey,2526
Baran Gezek,,"€ 5,962","€ 310,000","€ 80,000","Sep 12, 2025","Jun 30, 2026",1,"€ 310,000",,Starter,M,DM,20,Turkey,Eyupspor,True,,turkey,2526
Bilal Bayazıt,,"€ 5,769","€ 300,000","€ 80,000","Feb 4, 2023","Jun 30, 2026",1,"€ 300,000",,Reserve,K,GK,26,Turkey,Kayserispor,True,,turkey,2526
Ricardo Velho,,"€ 5,769","€ 300,000","€ 80,000","Sep 12, 2025","Jun 30, 2026",1,"€ 300,000",,Starter,K,GK,27,Portugal,Genclerbirligi SK,True,,turkey,2526
Cihan Çanak,,"€ 5,769","€ 300,000","€ 50,000","Jul 1, 2024","Jun 30, 2027",2,"€ 600,000",,Reserve,F,LW,20,Turkey,Trabzonspor,False,,turkey,2526
Ibrahim Olawoyin,,"€ 5,577","€ 290,000","€ 70,000","Aug 23, 2024","Jun 30, 2027",2,"€ 580,000",,Starter,M,CM,28,Nigeria,Caykur Rizespor,True,,turkey,2526
Casper Højer,,"€ 5,385","€ 280,000","€ 70,000","Sep 10, 2023","Jun 30, 2026",1,"€ 280,000",,Starter,D,LB,31,Denmark,Caykur Rizespor,True,,turkey,2526
Enes Keskin,,"€ 5,000","€ 260,000","€ 70,000","Jan 30, 2025","Jun 30, 2029",4,"€ 1,040,000",,Reserve,M,CM,24,Turkey,Alanyaspor,True,,turkey,2526
Jeh,,"€ 4,808","€ 250,000","€ 60,000","Jan 16, 2026","Jun 30, 2028",3,"€ 750,000",,Reserve,F,CF,26,Brazil,Goztepe,True,,turkey,2526
Ogün Özçiçek,,"€ 4,808","€ 250,000","€ 60,000","Aug 8, 2024","Jun 30, 2027",2,"€ 500,000",,Starter,M,DM,27,Turkey,Gaziantep BB,True,,turkey,2526
Filip Krastev,,"€ 4,808","€ 250,000","€ 60,000","Feb 4, 2026","Jun 30, 2026",1,"€ 250,000",,Starter,F,AM,24,Bulgaria,Goztepe,True,,turkey,2526
Rhaldney,,"€ 4,808","€ 250,000","€ 60,000","Jul 10, 2025","Jun 30, 2028",3,"€ 750,000",,Reserve,M,CM,27,Brazil,Goztepe,False,,turkey,2526
Burhan Ersoy,,"€ 4,808","€ 250,000","€ 60,000","Sep 12, 2025","Jun 30, 2027",2,"€ 500,000",,Reserve,D,CB,22,Turkey,Karagumrukspor,True,,turkey,2526
Çağtay Kurukalıp,,"€ 4,808","€ 250,000","€ 60,000","Aug 9, 2024","Jun 30, 2027",2,"€ 500,000",,Reserve,D,LB,23,Turkey,Karagumrukspor,True,,turkey,2526
Enes Emre Büyük,,"€ 4,808","€ 250,000","€ 60,000","Jul 17, 2025","Jun 30, 2027",2,"€ 500,000",,Reserve,K,GK,19,Turkey,Galatasaray,True,,turkey,2526
Engin Can Biterge,,"€ 4,808","€ 250,000","€ 60,000","Jul 14, 2025","Jun 30, 2028",3,"€ 750,000",,Reserve,K,GK,19,Turkey,Fenerbahce,True,,turkey,2526
Emre Taşdemir,,"€ 4,808","€ 250,000","€ 60,000","Sep 12, 2025","Jun 30, 2026",1,"€ 250,000",,Reserve,D,LB,30,Turkey,Kasimpasa,True,,turkey,2526
Talha Ülvan,,"€ 4,808","€ 250,000","€ 60,000","Jul 2, 2025","Jun 30, 2028",3,"€ 750,000",,Starter,D,RB,24,Turkey,Eyupspor,True,,turkey,2526
Jadel Katongo,,"€ 4,808","€ 250,000","€ 60,000","Jan 16, 2026","Jun 30, 2028",3,"€ 750,000",,Reserve,D,CB,21,England,Kayserispor,True,,turkey,2526
Attila Mocsi,,"€ 4,808","€ 250,000","€ 60,000","Aug 25, 2023","Jun 30, 2027",2,"€ 500,000",,Starter,D,CB,25,Hungary,Caykur Rizespor,True,,turkey,2526
Mustafa Hekimoğlu,,"€ 4,808","€ 250,000","€ 60,000","Feb 17, 2025","Jun 30, 2028",3,"€ 750,000",,Reserve,F,CF,18,Turkey,Besiktas,True,,turkey,2526
Volkan Babacan,,"€ 4,808","€ 250,000","€ 60,000","Jul 4, 2025","Jun 30, 2026",1,"€ 250,000",,Reserve,K,GK,37,Turkey,Basaksehir,True,,turkey,2526
Ömer Ali Şahiner,,"€ 4,808","€ 250,000","€ 60,000","Jun 28, 2025","Jun 30, 2026",1,"€ 250,000",,Starter,D,RB,34,Turkey,Basaksehir,True,,turkey,2526
Josip Calusic,,"€ 4,808","€ 250,000","€ 60,000","Jul 1, 2024","Jun 30, 2026",1,"€ 250,000",,Reserve,D,CB,32,Croatia,Konyaspor,True,,turkey,2526
Melih İbrahimoğlu,,"€ 4,808","€ 250,000","€ 60,000","Jul 19, 2024","Jun 30, 2027",2,"€ 500,000",,Starter,M,CM,25,Turkey,Konyaspor,True,,turkey,2526
İrfan Can Eğribayat,,"€ 4,808","€ 250,000","€ 60,000","Jan 9, 2026","Jun 30, 2026",1,"€ 250,000",,Reserve,K,GK,27,Turkey,Samsunspor,True,,turkey,2526
Lubomir Satka,,"€ 4,808","€ 250,000","€ 60,000","Jul 1, 2023","Jun 30, 2026",1,"€ 250,000",,Starter,D,CB,30,Slovakia,Samsunspor,True,,turkey,2526
Doğukan Sinik,,"€ 4,808","€ 250,000","€ 60,000","Jul 1, 2025","Jun 30, 2027",2,"€ 500,000",,Reserve,F,LW,27,Turkey,Antalyaspor,True,,turkey,2526
Haris Hajradinovic,,"€ 4,615","€ 240,000","€ 60,000","Jun 24, 2022","Jun 30, 2026",1,"€ 240,000",,Reserve,F,AM,31,Bosnia-Herzegovina,Kasimpasa,True,,turkey,2526
Bahadır Güngördü,,"€ 3,846","€ 200,000","€ 50,000","Jan 16, 2025","Jun 30, 2027",2,"€ 400,000",,Starter,K,GK,30,Turkey,Konyaspor,True,,turkey,2526
Emre Bilgin,,"€ 3,846","€ 200,000","€ 50,000","Jun 20, 2022","Jun 30, 2027",2,"€ 400,000",,Reserve,K,GK,21,Turkey,Besiktas,True,,turkey,2526
Eyüp Aydın,,"€ 3,846","€ 200,000","€ 30,000","Feb 3, 2026","Jun 30, 2026",1,"€ 200,000",,Reserve,M,CM,21,Turkey,Kasimpasa,True,,turkey,2526
Samet Karakoç,,"€ 3,654","€ 190,000","€ 50,000","Sep 12, 2025","Jun 30, 2028",3,"€ 570,000",,Starter,D,LB,23,Turkey,Antalyaspor,True,,turkey,2526
Emrecan Bulut,,"€ 3,654","€ 190,000","€ 50,000","Aug 5, 2024","Jun 30, 2028",3,"€ 570,000",,Reserve,F,LW,23,Turkey,Caykur Rizespor,True,,turkey,2526
Yusuf Kabadayi,,"€ 3,654","€ 190,000","€ 50,000","Sep 12, 2025","Jun 30, 2026",1,"€ 190,000",,Reserve,F,LW,22,Germany,Gaziantep BB,True,,turkey,2526
Prince Ampem,,"€ 3,654","€ 190,000","€ 50,000","Jul 19, 2023","Jun 30, 2027",2,"€ 380,000",,Reserve,F,LW,27,Ghana,Eyupspor,True,,turkey,2526
Gökdeniz Gürpüz,,"€ 3,654","€ 190,000","€ 50,000","Jan 1, 2024","Jun 30, 2026",1,"€ 190,000",,Reserve,M,CM,19,Turkey,Galatasaray,True,,turkey,2526
Novatus Miroshi,,"€ 3,654","€ 190,000","€ 50,000","Jul 23, 2024","Jun 30, 2028",3,"€ 570,000",,Starter,M,DM,23,Tanzania,Goztepe,True,,turkey,2526
Guilherme Luiz,,"€ 3,654","€ 190,000","€ 50,000","Jan 4, 2026","Jun 30, 2030",5,"€ 950,000",,Reserve,F,CF,20,Brazil,Goztepe,True,,turkey,2526
Moussa Kyabou,,"€ 3,654","€ 190,000","€ 50,000","Jul 5, 2025","Jun 30, 2027",2,"€ 380,000",,Reserve,M,DM,27,Mali,Genclerbirligi SK,True,,turkey,2526
Sam Mather,,"€ 3,654","€ 190,000","€ 50,000","Jan 16, 2026","Jun 30, 2028",3,"€ 570,000",,Reserve,F,LW,21,England,Kayserispor,True,,turkey,2526
Zafer Görgen,,"€ 3,654","€ 190,000","€ 50,000","Aug 15, 2025","Jun 30, 2026",1,"€ 190,000",,Starter,K,GK,25,Turkey,Gaziantep BB,True,,turkey,2526
Tunahan Taşçı,,"€ 3,654","€ 190,000","€ 50,000","Jul 9, 2024","Jun 30, 2027",2,"€ 380,000",,Reserve,F,RW,23,Turkey,Konyaspor,True,,turkey,2526
Soner Dikmen,,"€ 3,654","€ 190,000","€ 50,000","Jul 6, 2024","Jun 30, 2026",1,"€ 190,000",,Starter,M,CM,32,Turkey,Antalyaspor,True,,turkey,2526
Metehan Mimaroğlu,,"€ 3,654","€ 190,000","€ 50,000","Jul 8, 2025","Jun 30, 2027",2,"€ 380,000",,Starter,F,LW,31,Turkey,Genclerbirligi SK,True,,turkey,2526
Bartuğ Elmaz,,"€ 3,654","€ 190,000","€ 50,000","Jan 23, 2026","Jun 30, 2026",1,"€ 190,000",,Reserve,M,DM,22,Turkey,Karagumrukspor,True,,turkey,2526
Soner Gönül,,"€ 3,654","€ 190,000","€ 50,000","May 30, 2025","Jun 30, 2026",1,"€ 190,000",,Reserve,D,LB,28,Turkey,Samsunspor,True,,turkey,2526
Salem M'Bakata,,"€ 3,654","€ 190,000","€ 50,000","Aug 8, 2023","Jun 30, 2026",1,"€ 190,000",,Reserve,D,RB,27,France,Gaziantep BB,True,,turkey,2526
Altin Zeqiri,,"€ 3,654","€ 190,000","€ 50,000","Sep 10, 2024","Jun 30, 2027",2,"€ 380,000",,Reserve,F,LW,25,Kosovo,Caykur Rizespor,True,,turkey,2526
Samet Yalçın,,"€ 3,654","€ 190,000","€ 50,000","Jan 13, 2025","Jun 30, 2026",1,"€ 190,000",,Reserve,M,CM,31,Turkey,Kocaelispor,True,,turkey,2526
Furkan Bekleviç,,"€ 3,654","€ 190,000","€ 50,000","Aug 3, 2023","Jun 30, 2026",1,"€ 190,000",,Reserve,K,GK,27,Turkey,Karagumrukspor,True,,turkey,2526
Taha Şahin,,"€ 3,077","€ 160,000","€ 40,000","Jan 2, 2025","Jun 30, 2028",3,"€ 480,000",,Starter,D,RB,25,Turkey,Caykur Rizespor,True,,turkey,2526
Ali Emre Yanar,,"€ 3,077","€ 160,000","€ 40,000","Jul 31, 2023","Jun 30, 2026",1,"€ 160,000",,Reserve,K,GK,27,Turkey,Kasimpasa,True,,turkey,2526
Yiğit Emre Çeltik,,"€ 3,077","€ 160,000","€ 40,000","Sep 15, 2023","Jun 30, 2027",2,"€ 320,000",,Reserve,M,CM,22,Turkey,Kayserispor,True,,turkey,2526
Ángel Torres,,"€ 2,885","€ 150,000","€ 40,000","Jan 15, 2026","Jun 30, 2026",1,"€ 150,000",,Reserve,F,RW,25,Colombia,Eyupspor,True,,turkey,2526
Arda Ünyay,,"€ 2,885","€ 150,000","€ 40,000","Jul 1, 2025","Jun 30, 2028",3,"€ 450,000",,Reserve,D,CB,19,Turkey,Galatasaray,True,,turkey,2526
Abdou Aziz Fall,,"€ 2,885","€ 150,000","€ 40,000","Jul 1, 2025","Jun 30, 2030",5,"€ 750,000",,Reserve,M,CM,18,Senegal,Fenerbahce,True,,turkey,2526
Armando Güner,,"€ 2,885","€ 150,000","€ 40,000","Feb 5, 2026","Jun 30, 2030",5,"€ 750,000",,Reserve,F,RW,18,Argentina,Galatasaray,True,,turkey,2526
Anıl Yaşar,,"€ 2,885","€ 150,000","€ 40,000","Feb 6, 2026","Jun 30, 2026",1,"€ 150,000",,Reserve,D,CB,23,Turkey,Eyupspor,True,,turkey,2526
Jankat Yılmaz,,"€ 2,885","€ 150,000","€ 40,000","Sep 12, 2025","Jun 30, 2026",1,"€ 150,000",,Starter,K,GK,21,Turkey,Eyupspor,True,,turkey,2526
Oghenekaro Etebo,,"€ 2,885","€ 150,000","€ 40,000","Aug 1, 2024","Jun 30, 2026",1,"€ 150,000",,Reserve,M,DM,30,Nigeria,Genclerbirligi SK,True,,turkey,2526
Yasir Subaşı,,"€ 2,885","€ 150,000","€ 40,000","Jul 1, 2025","Jun 30, 2027",2,"€ 300,000",,Reserve,D,CB,30,Turkey,Konyaspor,True,,turkey,2526
İsmail Köybaşı,,"€ 2,500","€ 130,000","€ 30,000","Jul 2, 2025","Jun 30, 2026",1,"€ 130,000",,Reserve,M,LM,36,Turkey,Goztepe,True,,turkey,2526
Ibrahim Sabra,,"€ 2,500","€ 130,000","€ 30,000","Jul 1, 2025","Jun 30, 2029",4,"€ 520,000",,Reserve,F,CF,20,Jordan,Goztepe,True,,turkey,2526
Berkay Aslan,,"€ 2,500","€ 130,000","€ 30,000","Jul 3, 2025","Jun 30, 2028",3,"€ 390,000",,Reserve,F,LW,19,Turkey,Basaksehir,True,,turkey,2526
Ekrem Kılıçarslan,,"€ 2,500","€ 130,000","€ 30,000","Jul 10, 2024","Jun 30, 2026",1,"€ 130,000",,Reserve,K,GK,28,Turkey,Goztepe,True,,turkey,2526
Onuralp Çevikkan,,"€ 2,500","€ 130,000","€ 30,000","Feb 8, 2024","Jun 30, 2028",3,"€ 390,000",,Reserve,K,GK,20,Turkey,Trabzonspor,True,,turkey,2526
Abdurrahim Dursun,,"€ 2,500","€ 130,000","€ 30,000","Aug 1, 2025","Jun 30, 2027",2,"€ 260,000",,Reserve,D,LB,27,Turkey,Genclerbirligi SK,True,,turkey,2526
Talha Sarıarslan,,"€ 2,500","€ 130,000","€ 30,000","May 19, 2023","Jun 30, 2026",1,"€ 130,000",,Reserve,F,CF,22,Turkey,Kayserispor,True,,turkey,2526
Bachir Gueye,,"€ 2,500","€ 130,000","€ 30,000","Sep 11, 2025","Jun 30, 2027",2,"€ 260,000",,Reserve,F,CF,22,Senegal,Antalyaspor,True,,turkey,2526
Ahmet Oğuz,,"€ 2,500","€ 130,000","€ 30,000","Jul 1, 2024","Jun 30, 2026",1,"€ 130,000",,Reserve,D,RB,33,Turkey,Kocaelispor,True,,turkey,2526
Adem Arous,,"€ 2,500","€ 130,000","€ 30,000","Sep 3, 2025","Jun 30, 2028",3,"€ 390,000",,Reserve,D,CB,21,Tunisia,Kasimpasa,True,,turkey,2526
Tuğbey Akgün,,"€ 2,500","€ 130,000","€ 30,000","Jan 24, 2025","Jun 30, 2026",1,"€ 130,000",,Reserve,M,CM,22,Turkey,Karagumrukspor,True,,turkey,2526
Tarık Buğra Kalpaklı,,"€ 2,500","€ 130,000","€ 30,000","Jul 1, 2025","Jun 30, 2028",3,"€ 390,000",,Reserve,F,RW,16,Turkey,Karagumrukspor,True,,turkey,2526
Erdem Çetinkaya,,"€ 2,500","€ 130,000","€ 30,000","Jul 20, 2022","Jun 30, 2027",2,"€ 260,000",,Reserve,F,LW,24,Turkey,Kasimpasa,True,,turkey,2526
Muhammed Kadıoğlu,,"€ 2,500","€ 130,000","€ 30,000","Jul 1, 2025","Jun 30, 2027",2,"€ 260,000",,Reserve,D,CB,19,Turkey,Karagumrukspor,True,,turkey,2526
Berkay Topdemir,,"€ 2,500","€ 130,000","€ 30,000","Jan 1, 2025","Jun 30, 2026",1,"€ 130,000",,Reserve,F,LW,19,Turkey,Antalyaspor,True,,turkey,2526
Yiğit Efe Demir,,"€ 2,500","€ 130,000","€ 30,000","Jul 8, 2025","Jun 30, 2029",4,"€ 520,000",,Reserve,D,CB,21,Turkey,Fenerbahce,True,,turkey,2526
Muharrem Cinan,,"€ 2,500","€ 130,000","€ 30,000","Jul 1, 2024","Jun 30, 2026",1,"€ 130,000",,Reserve,D,LB,27,Turkey,Kocaelispor,True,,turkey,2526
Batuhan Şen,,"€ 2,500","€ 130,000","€ 30,000","Jul 1, 2019","Jun 30, 2026",1,"€ 130,000",,Reserve,K,GK,27,Turkey,Galatasaray,True,,turkey,2526
Ensar Kemaloğlu,,"€ 2,500","€ 130,000","€ 30,000","Aug 1, 2024","Jun 30, 2027",2,"€ 260,000",,Reserve,M,CM,27,Turkey,Genclerbirligi SK,True,,turkey,2526
Luca Stancic,,"€ 2,500","€ 130,000","€ 30,000","Jul 1, 2025","Jun 30, 2028",3,"€ 390,000",,Reserve,K,GK,19,Turkey,Basaksehir,True,,turkey,2526
Ümit Akdağ,,"€ 2,500","€ 130,000","€ 30,000","Jul 24, 2025","Jun 30, 2028",3,"€ 390,000",,Starter,D,CB,22,Romania,Alanyaspor,True,,turkey,2526
Bedirhan Özyurt,,"€ 2,500","€ 130,000","€ 30,000","Feb 6, 2026","Jun 30, 2026",1,"€ 130,000",,Starter,D,CB,22,Turkey,Eyupspor,True,,turkey,2526
Fıratcan Üzüm,,"€ 2,500","€ 130,000","€ 30,000","Jul 1, 2024","Jun 30, 2026",1,"€ 130,000",,Reserve,D,RB,26,Turkey,Genclerbirligi SK,True,,turkey,2526
Ruan,,"€ 2,500","€ 130,000","€ 30,000","Sep 12, 2025","Jun 30, 2030",5,"€ 650,000",,Starter,M,LM,20,Brazil,Alanyaspor,True,,turkey,2526
Kerem Kayaarası,,"€ 2,500","€ 130,000","€ 30,000","Aug 4, 2025","Jun 30, 2027",2,"€ 260,000",,Reserve,F,CF,19,Turkey,Antalyaspor,True,,turkey,2526
Denis Radu,,"€ 2,308","€ 120,000","€ 30,000","Jan 8, 2026","Jun 30, 2026",1,"€ 120,000",,Reserve,D,RB,22,Romania,Eyupspor,True,,turkey,2526
Charles-André Raux-Yao,,"€ 2,308","€ 120,000","€ 30,000","Jan 9, 2026","Jun 30, 2028",3,"€ 360,000",,Reserve,M,CM,24,France,Eyupspor,True,,turkey,2526
Onuralp Çakıroğlu,,"€ 2,115","€ 110,000","€ 30,000","Apr 17, 2025","Jun 30, 2027",2,"€ 220,000",,Reserve,F,RW,18,Turkey,Trabzonspor,True,,turkey,2526
Esat Buğa,,"€ 2,115","€ 110,000","€ 30,000","Sep 27, 2025","Jun 30, 2028",3,"€ 330,000",,Reserve,M,CM,19,Turkey,Konyaspor,True,,turkey,2526
Abdullah Yiğiter,,"€ 2,115","€ 110,000","€ 30,000","Jul 28, 2024","Jun 30, 2027",2,"€ 220,000",,Reserve,K,GK,25,Turkey,Antalyaspor,True,,turkey,2526
Anthony Dennis,,"€ 2,115","€ 110,000","€ 30,000","May 23, 2024","Jun 30, 2027",2,"€ 220,000",,Starter,M,DM,21,Nigeria,Goztepe,True,,turkey,2526
Salih Malkoçoğlu,,"€ 2,115","€ 110,000","€ 30,000","Jul 1, 2024","Jun 30, 2028",3,"€ 330,000",,Reserve,M,DM,20,Turkey,Trabzonspor,True,,turkey,2526
Mustafa Burak Bozan,,"€ 2,115","€ 110,000","€ 30,000","Sep 24, 2025","Jun 30, 2028",3,"€ 330,000",,Reserve,K,GK,25,Turkey,Gaziantep BB,True,,turkey,2526
Erol Can Çolak,,"€ 2,115","€ 110,000","€ 30,000","Apr 17, 2025","Jun 30, 2028",3,"€ 330,000",,Reserve,K,GK,20,Turkey,Trabzonspor,True,,turkey,2526
Ebrar Aydın,,"€ 2,115","€ 110,000","€ 30,000","Jan 12, 2023","Jun 30, 2026",1,"€ 110,000",,Reserve,K,GK,25,Turkey,Genclerbirligi SK,True,,turkey,2526
Ahmet Yıldırım,,"€ 2,115","€ 110,000","€ 30,000","Jan 10, 2025","Jun 30, 2029",4,"€ 440,000",,Reserve,K,GK,19,Turkey,Trabzonspor,True,,turkey,2526
Efe Doğan,,"€ 2,115","€ 110,000","€ 30,000","Feb 7, 2025","Jun 30, 2029",4,"€ 440,000",,Reserve,K,GK,21,Turkey,Caykur Rizespor,True,,turkey,2526
Boran Başkan,,"€ 2,115","€ 110,000","€ 30,000","Apr 17, 2025","Jun 30, 2028",3,"€ 330,000",,Reserve,M,CM,19,Turkey,Trabzonspor,True,,turkey,2526
Mithat Pala,,"€ 2,115","€ 110,000","€ 30,000","Dec 18, 2024","Jun 30, 2027",2,"€ 220,000",,Starter,D,LB,25,Turkey,Caykur Rizespor,True,,turkey,2526
Buluthan Bulut,,"€ 2,115","€ 110,000","€ 30,000","Dec 22, 2024","Jun 30, 2029",4,"€ 440,000",,Reserve,M,CM,23,Turkey,Alanyaspor,True,,turkey,2526
Taha Emre İnce,,"€ 2,115","€ 110,000","€ 30,000","Apr 17, 2025","Jun 30, 2027",2,"€ 220,000",,Reserve,D,CB,18,Turkey,Trabzonspor,True,,turkey,2526
Arda Öztürk,,"€ 2,115","€ 110,000","€ 30,000","Apr 17, 2025","Jun 30, 2028",3,"€ 330,000",,Reserve,D,CB,18,Turkey,Trabzonspor,True,,turkey,2526
Samed Onur,,"€ 1,923","€ 100,000","€ 30,000","Jul 12, 2024","Jun 30, 2026",1,"€ 100,000",,Reserve,M,CM,23,Turkey,Genclerbirligi SK,True,,turkey,2526
Enes Albak,,"€ 1,923","€ 100,000","€ 30,000","Jul 1, 2023","Jun 30, 2027",2,"€ 200,000",,Reserve,D,LB,20,Turkey,Samsunspor,True,,turkey,2526
Ege Albayrak,,"€ 1,923","€ 100,000","€ 30,000","Sep 3, 2025","Jun 30, 2028",3,"€ 300,000",,Reserve,K,GK,18,Turkey,Kasimpasa,True,,turkey,2526
Taylan Aydın,,"€ 1,923","€ 100,000","€ 30,000","Jul 3, 2024","Jun 30, 2029",4,"€ 400,000",,Reserve,D,CB,19,Turkey,Kasimpasa,True,,turkey,2526
Yunus Emre Çift,,"€ 1,923","€ 100,000","€ 30,000","Jul 29, 2022","Jun 30, 2027",2,"€ 200,000",,Reserve,M,DM,22,Turkey,Samsunspor,True,,turkey,2526
Şamil Öztürk,,"€ 1,731","€ 90,000","€ 20,000","Jan 10, 2026","Jun 30, 2028",3,"€ 270,000",,Reserve,K,GK,20,Turkey,Goztepe,True,,turkey,2526
Deniz Dönmezer,,"€ 1,731","€ 90,000","€ 20,000","Sep 12, 2025","Jun 30, 2028",3,"€ 270,000",,Starter,K,GK,17,Turkey,Kayserispor,True,,turkey,2526
Ahmet Sağat,,"€ 1,731","€ 90,000","€ 20,000","Jul 17, 2024","Jun 30, 2026",1,"€ 90,000",,Reserve,F,CF,29,Turkey,Kocaelispor,True,,turkey,2526
Furkan Gedik,,"€ 1,731","€ 90,000","€ 20,000","Jul 1, 2024","Jun 30, 2026",1,"€ 90,000",,Reserve,F,LW,23,Turkey,Kocaelispor,True,,turkey,2526
Gökhan Değirmenci,,"€ 1,731","€ 90,000","€ 20,000","Apr 22, 2025","Jun 30, 2026",1,"€ 90,000",,Starter,K,GK,36,Turkey,Kocaelispor,True,,turkey,2526
Victor Ntino-Emo Gidado,,"€ 1,731","€ 90,000","€ 20,000","Jan 10, 2026","Jun 30, 2029",4,"€ 360,000",,Reserve,F,AM,21,Nigeria,Gaziantep BB,True,,turkey,2526
Emir Yaşar,,"€ 1,731","€ 90,000","€ 20,000","Apr 17, 2024","Jun 30, 2028",3,"€ 270,000",,Reserve,K,GK,20,Turkey,Besiktas,True,,turkey,2526
Devrim Şahin,,"€ 1,731","€ 90,000","€ 20,000","Sep 11, 2025","Jun 30, 2028",3,"€ 270,000",,Reserve,F,LW,18,Turkey,Besiktas,True,,turkey,2526
Abdul Kader Moussa Kone,,"€ 1,731","€ 90,000","€ 20,000","Jan 5, 2026","Jun 30, 2028",3,"€ 270,000",,Reserve,F,CF,18,Cote d'Ivoire,Karagumrukspor,True,,turkey,2526
Ali Mevran Ablak,,"€ 1,731","€ 90,000","€ 20,000","Jul 3, 2024","Jun 30, 2027",2,"€ 180,000",,Reserve,F,RW,22,Turkey,Gaziantep BB,True,,turkey,2526
Karamba Gassama,,"€ 1,731","€ 90,000","€ 20,000","Jan 12, 2026","Jun 30, 2029",4,"€ 360,000",,Reserve,M,CM,21,The Gambia,Gaziantep BB,True,,turkey,2526
Muhammet Özbaskıcı,,"€ 1,731","€ 90,000","€ 20,000","Jun 1, 2024","Jun 30, 2029",4,"€ 360,000",,Reserve,M,CM,20,Turkey,Samsunspor,True,,turkey,2526
Ege İzmirli,,"€ 1,731","€ 90,000","€ 20,000","Jul 1, 2025","Jun 30, 2026",1,"€ 90,000",,Reserve,D,CB,18,Turkey,Antalyaspor,True,,turkey,2526
Yusuf Can Karademir,,"€ 1,731","€ 90,000","€ 20,000","Mar 24, 2025","Jun 30, 2027",2,"€ 180,000",,Reserve,F,AM,18,Turkey,Alanyaspor,True,,turkey,2526
Batuhan Yavuz,,"€ 1,731","€ 90,000","€ 20,000","Feb 8, 2025","Jun 30, 2029",4,"€ 360,000",,Reserve,D,RB,20,Turkey,Alanyaspor,True,,turkey,2526
Abdullah Şahindere,,"€ 1,731","€ 90,000","€ 20,000","Jul 31, 2023","Jun 30, 2026",1,"€ 90,000",,Reserve,D,CB,22,Turkey,Genclerbirligi SK,True,,turkey,2526
Metehan Altunbaş,,"€ 1,731","€ 90,000","€ 20,000","Jul 2, 2025","Jun 30, 2028",3,"€ 270,000",,Starter,F,CF,23,Turkey,Eyupspor,True,,turkey,2526
Umut İslamoğlu,,"€ 1,538","€ 80,000","€ 20,000","Nov 5, 2024","Jun 30, 2026",1,"€ 80,000",,Reserve,D,CB,19,Turkey,Genclerbirligi SK,True,,turkey,2526
Taşkın İlter,,"€ 1,538","€ 80,000","€ 20,000","Sep 11, 2024","Jun 30, 2026",1,"€ 80,000",,Starter,M,DM,31,Turkey,Eyupspor,True,,turkey,2526
Ali Osman Kalın,,"€ 1,346","€ 70,000","€ 20,000","Jul 1, 2025","Jun 30, 2027",2,"€ 140,000",,Reserve,F,LW,17,Turkey,Gaziantep BB,True,,turkey,2526
Furkan Malak,,"€ 1,346","€ 70,000","€ 20,000","Jan 18, 2023","Jun 30, 2028",3,"€ 210,000",,Reserve,M,CM,21,Turkey,Goztepe,True,,turkey,2526
Arda Çağan Çelik,,"€ 1,346","€ 70,000","€ 20,000","Jul 1, 2024","Jun 30, 2028",3,"€ 210,000",,Reserve,D,CB,20,Turkey,Genclerbirligi SK,True,,turkey,2526
Nevzat Üzel,,"€ 1,154","€ 60,000","€ 20,000","Jan 1, 2026","Jun 30, 2026",1,"€ 60,000",,Reserve,K,GK,18,Turkey,Goztepe,True,,turkey,2526
Berkay Muratoğlu,,"€ 1,154","€ 60,000","€ 20,000","Apr 1, 2025","Jun 30, 2027",2,"€ 120,000",,Reserve,D,RB,18,Turkey,Kasimpasa,True,,turkey,2526
Kağan Arıcan,,"€ 1,154","€ 60,000","€ 20,000","Jan 17, 2025","Jun 30, 2028",3,"€ 180,000",,Reserve,K,GK,19,Turkey,Antalyaspor,True,,turkey,2526
Gilbert Mendy,,"€ 1,154","€ 60,000","€ 20,000","Sep 1, 2025","Jun 30, 2029",4,"€ 240,000",,Reserve,D,CB,21,Senegal,Eyupspor,True,,turkey,2526
Ahmed Traore,,"€ 1,154","€ 60,000","€ 20,000","Jan 2, 2026","Jun 30, 2028",3,"€ 180,000",,Reserve,F,RW,18,Cote d'Ivoire,Karagumrukspor,True,,turkey,2526
Saikuba Jarju,,"€ 1,154","€ 60,000","€ 20,000","Jan 2, 2026","Jun 30, 2029",4,"€ 240,000",,Reserve,F,LW,18,The Gambia,Samsunspor,True,,turkey,2526
Emirhan Ünal,,"€ 1,154","€ 60,000","€ 20,000","Aug 28, 2024","Jun 30, 2027",2,"€ 120,000",,Reserve,D,RB,21,Turkey,Genclerbirligi SK,True,,turkey,2526
Tahsin Bülbül,,"€ 1,154","€ 60,000","€ 20,000","Sep 1, 2025","Jun 30, 2030",5,"€ 300,000",,Reserve,F,LW,19,Turkey,Samsunspor,True,,turkey,2526
Ensar Buğra Tivsiz,,"€ 1,154","€ 60,000","€ 20,000","Nov 10, 2025","Jun 30, 2026",1,"€ 60,000",,Reserve,D,CB,18,Turkey,Antalyaspor,True,,turkey,2526
Bedirhan Çetin,,"€ 1,154","€ 60,000","€ 20,000","Nov 22, 2024","Jun 30, 2030",5,"€ 300,000",,Reserve,D,CB,19,Turkey,Samsunspor,True,,turkey,2526
Yiğit Hamza Aydar,,"€ 1,154","€ 60,000","€ 20,000","Jul 1, 2025","Jun 30, 2028",3,"€ 180,000",,Reserve,D,LB,17,Turkey,Genclerbirligi SK,True,,turkey,2526
Franck Atoen,,"€ 1,154","€ 60,000","€ 20,000","Jul 3, 2025","Jun 30, 2028",3,"€ 180,000",,Reserve,M,DM,19,Cameroon,Samsunspor,True,,turkey,2526
Berke Can Evli,,"€ 1,154","€ 60,000","€ 20,000","Jul 1, 2025","Jun 30, 2027",2,"€ 120,000",,Reserve,K,GK,16,Turkey,Karagumrukspor,True,,turkey,2526
Muhammet Akmelek,,"€ 1,154","€ 60,000","€ 20,000","Oct 22, 2025","Jun 30, 2028",3,"€ 180,000",,Reserve,F,CF,16,Turkey,Gaziantep BB,True,,turkey,2526
Alper Efe Pazar,,"€ 1,154","€ 60,000","€ 20,000","Nov 22, 2024","Jun 30, 2030",5,"€ 300,000",,Reserve,M,CM,20,Turkey,Samsunspor,True,,turkey,2526
Burak Gültekin,,"€ 1,154","€ 60,000","€ 20,000","Feb 6, 2026","Jun 30, 2030",5,"€ 300,000",,Reserve,M,DM,19,Turkey,Kasimpasa,True,,turkey,2526
Kerem Yandal,,"€ 1,154","€ 60,000","€ 20,000","Jul 1, 2025","Jun 30, 2027",2,"€ 120,000",,Reserve,K,GK,19,Turkey,Karagumrukspor,True,,turkey,2526
Ebrima Ceesay,,"€ 1,154","€ 60,000","€ 20,000","Jul 3, 2025","Jun 30, 2028",3,"€ 180,000",,Reserve,F,CF,19,The Gambia,Samsunspor,True,,turkey,2526
Mustafa Yiğit Durmaz,,"€ 1,154","€ 60,000","€ 20,000","Feb 2, 2026","Jun 30, 2028",3,"€ 180,000",,Reserve,K,GK,17,Turkey,Eyupspor,True,,turkey,2526
Yaya Onogo,,"€ 1,154","€ 60,000","€ 20,000","Feb 5, 2026","Jun 30, 2028",3,"€ 180,000",,Reserve,M,DM,18,Cote d'Ivoire,Karagumrukspor,True,,turkey,2526
Christ Sadia,,"€ 1,154","€ 60,000","€ 20,000","Sep 11, 2025","Jun 30, 2028",3,"€ 180,000",,Reserve,F,RW,18,Cote d'Ivoire,Eyupspor,True,,turkey,2526
Ahmet Taha Dağbaşı,,"€ 1,154","€ 60,000","€ 20,000","Feb 6, 2026","Jun 30, 2030",5,"€ 300,000",,Reserve,D,CB,20,Turkey,Kasimpasa,True,,turkey,2526
Ali Badra Diabaté,,"€ 1,154","€ 60,000","€ 20,000","Jan 2, 2026","Jun 30, 2029",4,"€ 240,000",,Reserve,D,CB,19,Cote d'Ivoire,Samsunspor,True,,turkey,2526
Umut Keseci,,"€ 1,154","€ 60,000","€ 20,000","Feb 6, 2026","Jun 30, 2029",4,"€ 240,000",,Reserve,K,GK,22,Turkey,Eyupspor,True,,turkey,2526
Arda Yavuz,,"€ 1,154","€ 60,000","€ 20,000","Jan 13, 2026","Jun 30, 2030",5,"€ 300,000",,Reserve,D,LB,19,Turkey,Eyupspor,True,,turkey,2526
Berk Deniz Çukurcu,,"€ 1,154","€ 60,000","€ 20,000","Jan 13, 2025","Jun 30, 2027",2,"€ 120,000",,Reserve,K,GK,18,Turkey,Genclerbirligi SK,True,,turkey,2526
Kayra Cihan,,"€ 1,154","€ 60,000","€ 20,000","Jul 4, 2025","Jun 30, 2028",3,"€ 180,000",,Reserve,D,CB,18,Turkey,Kayserispor,True,,turkey,2526
Yakub İlçin,,"€ 1,154","€ 60,000","€ 20,000","Mar 10, 2025","Jun 30, 2026",1,"€ 60,000",,Reserve,M,CM,16,Turkey,Antalyaspor,True,,turkey,2526
Ayaz Özcan,,€ 962,"€ 50,000","€ 10,000","Aug 4, 2025","Jun 30, 2028",3,"€ 150,000",,Reserve,F,CF,16,Turkey,Genclerbirligi SK,True,,turkey,2526
Egemen Aydın,,€ 962,"€ 50,000","€ 10,000","Dec 26, 2024","Jun 30, 2027",2,"€ 100,000",,Reserve,K,GK,18,Turkey,Konyaspor,True,,turkey,2526
Serhat Öztaşdelen,,€ 962,"€ 50,000","€ 10,000","Aug 1, 2025","Jun 30, 2027",2,"€ 100,000",,Reserve,K,GK,21,Turkey,Kocaelispor,True,,turkey,2526
Nurettin Korkmaz,,€ 962,"€ 50,000","€ 10,000","Jul 12, 2025","Jun 30, 2027",2,"€ 100,000",,Reserve,F,LW,23,Turkey,Kayserispor,True,,turkey,2526
Muhamed Buljubasic,,€ 962,"€ 50,000","€ 10,000","Jul 29, 2024","Jun 30, 2028",3,"€ 150,000",,Reserve,M,CM,21,Bosnia-Herzegovina,Caykur Rizespor,True,,turkey,2526
Eyüp Değirmenci,,€ 962,"€ 50,000","€ 10,000","Jul 9, 2025","Jun 30, 2030",5,"€ 250,000",,Reserve,M,DM,18,Turkey,Samsunspor,True,,turkey,2526
Efe Yiğit Üstün,,€ 962,"€ 50,000","€ 10,000","Aug 15, 2025","Jun 30, 2028",3,"€ 150,000",,Reserve,K,GK,17,Turkey,Samsunspor,True,,turkey,2526
Şant Kazancı,,€ 769,"€ 40,000","€ 10,000","Jul 1, 2024","Jun 30, 2026",1,"€ 40,000",,Reserve,K,GK,17,Turkey,Kasimpasa,True,,turkey,2526
Eray Özbek,,€ 769,"€ 40,000","€ 10,000","Jul 1, 2022","Jun 30, 2026",1,"€ 40,000",,Reserve,F,AM,23,Turkey,Kayserispor,True,,turkey,2526
Ege Yıldırım,,€ 769,"€ 40,000","€ 10,000","Jul 31, 2023","Jun 30, 2026",1,"€ 40,000",,Reserve,D,CB,18,Turkey,Goztepe,True,,turkey,2526
Efe Berat Törüz,,€ 481,"€ 25,000","€ 10,000","Jul 1, 2024","Jun 30, 2026",1,"€ 25,000",,Reserve,K,GK,19,Turkey,Samsunspor,True,,turkey,2526
Bartuğ Elmaz,,,,,"Jul 20, 2023","Jun 30, 2026",1,,,Reserve,M,DM,22,Turkey,Fenerbahce,False,,turkey,2526
Victor Nelsson,,,,,"Feb 3, 2025","Jun 30, 2027",2,,,Reserve,D,CB,26,Denmark,Galatasaray,False,,turkey,2526
Jean Onana,,,,,"Jul 21, 2023","Jun 30, 2027",2,,,Reserve,M,DM,25,Cameroon,Besiktas,False,,turkey,2526
Sofyan Amrabat,,,,,"Jul 1, 2025","Jun 30, 2028",3,,,Reserve,M,DM,28,Morocco,Fenerbahce,False,,turkey,2526
Dominik Livakovic,,,,,"Aug 25, 2023","Jun 30, 2028",3,,,Reserve,K,GK,30,Croatia,Fenerbahce,False,,turkey,2526
